zone_id,hour,demand_kwh,effective_need,served_fraction,allocated_kwh,zone_name,category,criticality_score
Z001,0,60.84,0.0,0.0,0.0,Hospital_1,hospital,10
Z001,1,57.16,0.0,0.17703814,10.1195000824,Hospital_1,hospital,10
Z001,2,62.48,0.0,0.073778747,4.60969611256,Hospital_1,hospital,10
Z001,3,55.85,0.0,0.28976899,16.183598091500002,Hospital_1,hospital,10
Z001,4,55.78,0.0,0.35941413,20.0481201714,Hospital_1,hospital,10
Z001,5,55.13,0.0,0.0,0.0,Hospital_1,hospital,10
Z001,6,50.13,0.0,0.01893078,0.9490000014000001,Hospital_1,hospital,10
Z001,7,51.52,0.0,0.023396622,1.20539396544,Hospital_1,hospital,10
Z001,8,55.82,0.0,0.098258473,5.48478796286,Hospital_1,hospital,10
Z001,9,50.51,0.0,0.35941413,18.1540077063,Hospital_1,hospital,10
Z001,10,52.62,0.0,0.0,0.0,Hospital_1,hospital,10
Z001,11,52.42,0.0,0.01893078,0.9923514876000001,Hospital_1,hospital,10
Z001,12,55.02,0.0,0.023396622,1.28728214244,Hospital_1,hospital,10
Z001,13,52.6,0.0,0.098258473,5.1683956798,Hospital_1,hospital,10
Z001,14,54.03,0.0,0.35941413,19.4191454439,Hospital_1,hospital,10
Z001,15,56.08,0.0,0.0,0.0,Hospital_1,hospital,10
Z001,16,56.32,0.0,0.01893078,1.0661815296000001,Hospital_1,hospital,10
Z001,17,53.63,0.0,0.023396622,1.25476083786,Hospital_1,hospital,10
Z001,18,60.09,0.0,0.098258473,5.90435164257,Hospital_1,hospital,10
Z001,19,52.85,0.0,0.35941413,18.9950367705,Hospital_1,hospital,10
Z001,20,53.28,0.0,0.0,0.0,Hospital_1,hospital,10
Z001,21,52.91,0.0,0.042327402,2.23954283982,Hospital_1,hospital,10
Z001,22,60.34,0.0,0.0,0.0,Hospital_1,hospital,10
Z001,23,55.34,0.0,0.34432598,19.0549997332,Hospital_1,hospital,10
Z001,24,52.71,0.0,0.11334661,5.9744998131000004,Hospital_1,hospital,10
Z001,25,51.51,0.0,0.042327402,2.18028447702,Hospital_1,hospital,10
Z001,26,55.91,0.0,0.0,0.0,Hospital_1,hospital,10
Z001,27,50.38,0.0,0.0,0.0,Hospital_1,hospital,10
Z001,28,49.03,0.0,0.34432598,16.882302799399998,Hospital_1,hospital,10
Z001,29,54.42,0.0,0.11334661,6.1683225162,Hospital_1,hospital,10
Z001,30,48.29,0.0,0.042327402,2.04399024258,Hospital_1,hospital,10
Z001,31,50.74,0.0,0.0,0.0,Hospital_1,hospital,10
Z001,32,51.62,0.0,0.0,0.0,Hospital_1,hospital,10
Z001,33,50.36,0.0,0.5,25.18,Hospital_1,hospital,10
Z001,34,51.86,0.0,0.0,0.0,Hospital_1,hospital,10
Z001,35,56.7,0.0,0.0,0.0,Hospital_1,hospital,10
Z001,36,51.44,0.0,0.0,0.0,Hospital_1,hospital,10
Z001,37,49.72,0.0,0.0,0.0,Hospital_1,hospital,10
Z001,38,48.52,0.0,0.5,24.26,Hospital_1,hospital,10
Z001,39,54.6,0.0,0.0,0.0,Hospital_1,hospital,10
Z001,40,54.79,0.0,0.0,0.0,Hospital_1,hospital,10
Z001,41,57.47,0.0,0.0,0.0,Hospital_1,hospital,10
Z001,42,55.44,0.0,0.0,0.0,Hospital_1,hospital,10
Z001,43,55.67,0.0,0.5,27.835,Hospital_1,hospital,10
Z001,44,54.93,0.0,0.0,0.0,Hospital_1,hospital,10
Z001,45,55.53,0.0,0.0,0.0,Hospital_1,hospital,10
Z001,46,57.58,0.0,0.0,0.0,Hospital_1,hospital,10
Z001,47,55.28,0.0,0.0,0.0,Hospital_1,hospital,10
Z002,0,36.53,193.3,1.0,36.53,Hospital_2,hospital,10
Z002,1,39.95,227.50000000000003,1.0,39.95,Hospital_2,hospital,10
Z002,2,36.39,191.9,1.0,36.39,Hospital_2,hospital,10
Z002,3,31.59,143.9,1.0,31.59,Hospital_2,hospital,10
Z002,4,38.02,208.20000000000005,1.0,38.02,Hospital_2,hospital,10
Z002,5,34.76,175.6,1.0,34.76,Hospital_2,hospital,10
Z002,6,31.85,146.50000000000003,1.0,31.85,Hospital_2,hospital,10
Z002,7,35.39,181.9,1.0,35.39,Hospital_2,hospital,10
Z002,8,33.54,163.4,1.0,33.54,Hospital_2,hospital,10
Z002,9,32.33,151.29999999999998,1.0,32.33,Hospital_2,hospital,10
Z002,10,32.47,152.7,1.0,32.47,Hospital_2,hospital,10
Z002,11,32.02,148.20000000000005,1.0,32.02,Hospital_2,hospital,10
Z002,12,34.54,173.4,1.0,34.54,Hospital_2,hospital,10
Z002,13,37.13,199.30000000000004,1.0,37.13,Hospital_2,hospital,10
Z002,14,34.69,174.89999999999998,1.0,34.69,Hospital_2,hospital,10
Z002,15,36.77,195.70000000000005,1.0,36.77,Hospital_2,hospital,10
Z002,16,40.4,232.0,1.0,40.4,Hospital_2,hospital,10
Z002,17,34.03,168.3,1.0,34.03,Hospital_2,hospital,10
Z002,18,37.57,203.70000000000002,1.0,37.57,Hospital_2,hospital,10
Z002,19,36.5,193.0,1.0,36.5,Hospital_2,hospital,10
Z002,20,34.88,176.80000000000004,1.0,34.88,Hospital_2,hospital,10
Z002,21,34.9,177.0,1.0,34.9,Hospital_2,hospital,10
Z002,22,36.96,197.60000000000002,1.0,36.96,Hospital_2,hospital,10
Z002,23,37.65,204.5,1.0,37.65,Hospital_2,hospital,10
Z002,24,35.15,179.5,1.0,35.15,Hospital_2,hospital,10
Z002,25,35.98,187.79999999999998,1.0,35.98,Hospital_2,hospital,10
Z002,26,36.91,197.09999999999997,1.0,36.91,Hospital_2,hospital,10
Z002,27,35.51,183.1,1.0,35.51,Hospital_2,hospital,10
Z002,28,36.23,190.29999999999998,1.0,36.23,Hospital_2,hospital,10
Z002,29,34.99,177.90000000000003,1.0,34.99,Hospital_2,hospital,10
Z002,30,34.74,175.40000000000003,1.0,34.74,Hospital_2,hospital,10
Z002,31,37.25,200.5,1.0,37.25,Hospital_2,hospital,10
Z002,32,34.76,175.6,1.0,34.76,Hospital_2,hospital,10
Z002,33,33.83,166.29999999999998,1.0,33.83,Hospital_2,hospital,10
Z002,34,35.19,179.89999999999998,1.0,35.19,Hospital_2,hospital,10
Z002,35,32.17,149.70000000000002,1.0,32.17,Hospital_2,hospital,10
Z002,36,33.74,165.40000000000003,1.0,33.74,Hospital_2,hospital,10
Z002,37,36.55,193.49999999999997,1.0,36.55,Hospital_2,hospital,10
Z002,38,36.71,195.10000000000002,1.0,36.71,Hospital_2,hospital,10
Z002,39,39.19,219.89999999999998,1.0,39.19,Hospital_2,hospital,10
Z002,40,36.33,191.29999999999998,1.0,36.33,Hospital_2,hospital,10
Z002,41,33.48,162.79999999999998,1.0,33.48,Hospital_2,hospital,10
Z002,42,41.32,241.20000000000002,1.0,41.32,Hospital_2,hospital,10
Z002,43,39.62,224.2,1.0,39.62,Hospital_2,hospital,10
Z002,44,34.88,176.80000000000004,1.0,34.88,Hospital_2,hospital,10
Z002,45,40.25,230.5,1.0,40.25,Hospital_2,hospital,10
Z002,46,37.07,198.70000000000002,1.0,37.07,Hospital_2,hospital,10
Z002,47,32.71,155.10000000000002,1.0,32.71,Hospital_2,hospital,10
Z003,0,19.95,139.65,1.0,19.95,ColdStorage_WaterPump_1,cold_storage_water,7
Z003,1,17.89,125.23,1.0,17.89,ColdStorage_WaterPump_1,cold_storage_water,7
Z003,2,19.86,139.01999999999998,1.0,19.86,ColdStorage_WaterPump_1,cold_storage_water,7
Z003,3,17.27,120.89,1.0,17.27,ColdStorage_WaterPump_1,cold_storage_water,7
Z003,4,17.86,125.02,1.0,17.86,ColdStorage_WaterPump_1,cold_storage_water,7
Z003,5,17.83,124.80999999999999,1.0,17.83,ColdStorage_WaterPump_1,cold_storage_water,7
Z003,6,17.72,124.03999999999999,1.0,17.72,ColdStorage_WaterPump_1,cold_storage_water,7
Z003,7,17.14,119.98,1.0,17.14,ColdStorage_WaterPump_1,cold_storage_water,7
Z003,8,18.37,128.59,1.0,18.37,ColdStorage_WaterPump_1,cold_storage_water,7
Z003,9,19.31,135.17,1.0,19.31,ColdStorage_WaterPump_1,cold_storage_water,7
Z003,10,18.81,131.67,1.0,18.81,ColdStorage_WaterPump_1,cold_storage_water,7
Z003,11,17.43,122.00999999999999,1.0,17.43,ColdStorage_WaterPump_1,cold_storage_water,7
Z003,12,19.05,133.35,1.0,19.05,ColdStorage_WaterPump_1,cold_storage_water,7
Z003,13,22.64,158.48000000000002,1.0,22.64,ColdStorage_WaterPump_1,cold_storage_water,7
Z003,14,23.32,163.24,1.0,23.32,ColdStorage_WaterPump_1,cold_storage_water,7
Z003,15,24.93,174.51,1.0,24.93,ColdStorage_WaterPump_1,cold_storage_water,7
Z003,16,23.29,163.03,1.0,23.29,ColdStorage_WaterPump_1,cold_storage_water,7
Z003,17,28.94,202.58,1.0,28.94,ColdStorage_WaterPump_1,cold_storage_water,7
Z003,18,27.33,191.31,1.0,27.33,ColdStorage_WaterPump_1,cold_storage_water,7
Z003,19,24.39,170.73000000000002,1.0,24.39,ColdStorage_WaterPump_1,cold_storage_water,7
Z003,20,27.32,191.24,1.0,27.32,ColdStorage_WaterPump_1,cold_storage_water,7
Z003,21,27.99,195.92999999999998,1.0,27.99,ColdStorage_WaterPump_1,cold_storage_water,7
Z003,22,20.86,146.01999999999998,1.0,20.86,ColdStorage_WaterPump_1,cold_storage_water,7
Z003,23,21.74,152.17999999999998,1.0,21.74,ColdStorage_WaterPump_1,cold_storage_water,7
Z003,24,19.99,139.92999999999998,1.0,19.99,ColdStorage_WaterPump_1,cold_storage_water,7
Z003,25,19.17,134.19,1.0,19.17,ColdStorage_WaterPump_1,cold_storage_water,7
Z003,26,18.0,126.0,1.0,18.0,ColdStorage_WaterPump_1,cold_storage_water,7
Z003,27,17.88,125.16,1.0,17.88,ColdStorage_WaterPump_1,cold_storage_water,7
Z003,28,18.07,126.49000000000001,1.0,18.07,ColdStorage_WaterPump_1,cold_storage_water,7
Z003,29,20.15,141.04999999999998,1.0,20.15,ColdStorage_WaterPump_1,cold_storage_water,7
Z003,30,20.48,143.36,1.0,20.48,ColdStorage_WaterPump_1,cold_storage_water,7
Z003,31,17.56,122.91999999999999,1.0,17.56,ColdStorage_WaterPump_1,cold_storage_water,7
Z003,32,17.13,119.91,1.0,17.13,ColdStorage_WaterPump_1,cold_storage_water,7
Z003,33,21.06,147.42,1.0,21.06,ColdStorage_WaterPump_1,cold_storage_water,7
Z003,34,17.07,119.49000000000001,1.0,17.07,ColdStorage_WaterPump_1,cold_storage_water,7
Z003,35,17.82,124.74000000000001,1.0,17.82,ColdStorage_WaterPump_1,cold_storage_water,7
Z003,36,20.51,143.57000000000002,1.0,20.51,ColdStorage_WaterPump_1,cold_storage_water,7
Z003,37,23.13,161.91,1.0,23.13,ColdStorage_WaterPump_1,cold_storage_water,7
Z003,38,25.85,180.95000000000002,1.0,25.85,ColdStorage_WaterPump_1,cold_storage_water,7
Z003,39,26.51,185.57000000000002,1.0,26.51,ColdStorage_WaterPump_1,cold_storage_water,7
Z003,40,24.55,171.85,1.0,24.55,ColdStorage_WaterPump_1,cold_storage_water,7
Z003,41,26.69,186.83,1.0,26.69,ColdStorage_WaterPump_1,cold_storage_water,7
Z003,42,26.29,184.03,1.0,26.29,ColdStorage_WaterPump_1,cold_storage_water,7
Z003,43,28.82,201.74,1.0,28.82,ColdStorage_WaterPump_1,cold_storage_water,7
Z003,44,25.88,181.16,1.0,25.88,ColdStorage_WaterPump_1,cold_storage_water,7
Z003,45,23.83,166.81,1.0,23.83,ColdStorage_WaterPump_1,cold_storage_water,7
Z003,46,22.82,159.74,1.0,22.82,ColdStorage_WaterPump_1,cold_storage_water,7
Z003,47,24.43,171.01,1.0,24.43,ColdStorage_WaterPump_1,cold_storage_water,7
Z004,0,29.08,203.56,1.0,29.08,ColdStorage_WaterPump_2,cold_storage_water,7
Z004,1,23.68,165.76,1.0,23.68,ColdStorage_WaterPump_2,cold_storage_water,7
Z004,2,25.71,179.97,1.0,25.71,ColdStorage_WaterPump_2,cold_storage_water,7
Z004,3,26.63,186.41,1.0,26.63,ColdStorage_WaterPump_2,cold_storage_water,7
Z004,4,28.53,199.71,1.0,28.53,ColdStorage_WaterPump_2,cold_storage_water,7
Z004,5,25.01,175.07000000000002,1.0,25.01,ColdStorage_WaterPump_2,cold_storage_water,7
Z004,6,27.7,193.9,1.0,27.7,ColdStorage_WaterPump_2,cold_storage_water,7
Z004,7,27.9,195.29999999999998,1.0,27.9,ColdStorage_WaterPump_2,cold_storage_water,7
Z004,8,25.52,178.64,1.0,25.52,ColdStorage_WaterPump_2,cold_storage_water,7
Z004,9,26.33,184.31,1.0,26.33,ColdStorage_WaterPump_2,cold_storage_water,7
Z004,10,29.46,206.22,1.0,29.46,ColdStorage_WaterPump_2,cold_storage_water,7
Z004,11,29.9,209.29999999999998,1.0,29.9,ColdStorage_WaterPump_2,cold_storage_water,7
Z004,12,31.6,221.20000000000002,1.0,31.6,ColdStorage_WaterPump_2,cold_storage_water,7
Z004,13,33.67,235.69,1.0,33.67,ColdStorage_WaterPump_2,cold_storage_water,7
Z004,14,38.21,267.47,1.0,38.21,ColdStorage_WaterPump_2,cold_storage_water,7
Z004,15,37.73,264.10999999999996,1.0,37.73,ColdStorage_WaterPump_2,cold_storage_water,7
Z004,16,37.83,264.81,1.0,37.83,ColdStorage_WaterPump_2,cold_storage_water,7
Z004,17,36.08,252.56,1.0,36.08,ColdStorage_WaterPump_2,cold_storage_water,7
Z004,18,38.06,266.42,1.0,38.06,ColdStorage_WaterPump_2,cold_storage_water,7
Z004,19,37.86,265.02,1.0,37.86,ColdStorage_WaterPump_2,cold_storage_water,7
Z004,20,44.38,310.66,1.0,44.38,ColdStorage_WaterPump_2,cold_storage_water,7
Z004,21,37.61,263.27,1.0,37.61,ColdStorage_WaterPump_2,cold_storage_water,7
Z004,22,38.49,269.43,1.0,38.49,ColdStorage_WaterPump_2,cold_storage_water,7
Z004,23,35.63,249.41000000000003,1.0,35.63,ColdStorage_WaterPump_2,cold_storage_water,7
Z004,24,29.72,208.04,1.0,29.72,ColdStorage_WaterPump_2,cold_storage_water,7
Z004,25,29.0,203.0,1.0,29.0,ColdStorage_WaterPump_2,cold_storage_water,7
Z004,26,23.15,162.04999999999998,1.0,23.15,ColdStorage_WaterPump_2,cold_storage_water,7
Z004,27,26.78,187.46,1.0,26.78,ColdStorage_WaterPump_2,cold_storage_water,7
Z004,28,28.0,196.0,1.0,28.0,ColdStorage_WaterPump_2,cold_storage_water,7
Z004,29,22.8,159.6,1.0,22.8,ColdStorage_WaterPump_2,cold_storage_water,7
Z004,30,24.78,173.46,1.0,24.78,ColdStorage_WaterPump_2,cold_storage_water,7
Z004,31,28.32,198.24,1.0,28.32,ColdStorage_WaterPump_2,cold_storage_water,7
Z004,32,26.22,183.54,1.0,26.22,ColdStorage_WaterPump_2,cold_storage_water,7
Z004,33,24.88,174.16,1.0,24.88,ColdStorage_WaterPump_2,cold_storage_water,7
Z004,34,26.04,182.28,1.0,26.04,ColdStorage_WaterPump_2,cold_storage_water,7
Z004,35,26.22,183.54,1.0,26.22,ColdStorage_WaterPump_2,cold_storage_water,7
Z004,36,31.36,219.51999999999998,1.0,31.36,ColdStorage_WaterPump_2,cold_storage_water,7
Z004,37,33.91,237.36999999999998,1.0,33.91,ColdStorage_WaterPump_2,cold_storage_water,7
Z004,38,35.16,246.11999999999998,1.0,35.16,ColdStorage_WaterPump_2,cold_storage_water,7
Z004,39,36.53,255.71,1.0,36.53,ColdStorage_WaterPump_2,cold_storage_water,7
Z004,40,37.92,265.44,1.0,37.92,ColdStorage_WaterPump_2,cold_storage_water,7
Z004,41,41.07,287.49,1.0,41.07,ColdStorage_WaterPump_2,cold_storage_water,7
Z004,42,38.84,271.88,1.0,38.84,ColdStorage_WaterPump_2,cold_storage_water,7
Z004,43,39.51,276.57,1.0,39.51,ColdStorage_WaterPump_2,cold_storage_water,7
Z004,44,37.7,263.90000000000003,1.0,37.7,ColdStorage_WaterPump_2,cold_storage_water,7
Z004,45,35.1,245.70000000000002,1.0,35.1,ColdStorage_WaterPump_2,cold_storage_water,7
Z004,46,34.24,239.68,1.0,34.24,ColdStorage_WaterPump_2,cold_storage_water,7
Z004,47,34.3,240.09999999999997,1.0,34.3,ColdStorage_WaterPump_2,cold_storage_water,7
Z005,0,1.08,0.0,0.0,0.0,School_Institution_1,school_institutional,5
Z005,1,1.02,0.0,0.0,0.0,School_Institution_1,school_institutional,5
Z005,2,0.97,0.0,0.63494072,0.6158924984,School_Institution_1,school_institutional,5
Z005,3,1.72,0.0,0.26505928,0.4559019616,School_Institution_1,school_institutional,5
Z005,4,2.85,0.0,0.0,0.0,School_Institution_1,school_institutional,5
Z005,5,4.56,0.0,0.0,0.0,School_Institution_1,school_institutional,5
Z005,6,6.85,0.0,0.0,0.0,School_Institution_1,school_institutional,5
Z005,7,10.02,0.0,0.23494072,2.3541060143999997,School_Institution_1,school_institutional,5
Z005,8,13.29,0.0,0.26505928,3.5226378312,School_Institution_1,school_institutional,5
Z005,9,17.19,0.0,0.0,0.0,School_Institution_1,school_institutional,5
Z005,10,20.05,0.0,0.0,0.0,School_Institution_1,school_institutional,5
Z005,11,22.53,0.0,0.0,0.0,School_Institution_1,school_institutional,5
Z005,12,22.57,0.0,0.23494072,5.3026120504,School_Institution_1,school_institutional,5
Z005,13,20.44,0.0,0.26505928,5.417811683200001,School_Institution_1,school_institutional,5
Z005,14,18.93,0.0,0.0,0.0,School_Institution_1,school_institutional,5
Z005,15,16.73,0.0,0.0,0.0,School_Institution_1,school_institutional,5
Z005,16,12.81,0.0,0.0,0.0,School_Institution_1,school_institutional,5
Z005,17,10.18,0.0,0.23494072,2.3916965296,School_Institution_1,school_institutional,5
Z005,18,7.47,0.0,0.26505928,1.9799928216,School_Institution_1,school_institutional,5
Z005,19,4.43,0.0,0.0,0.0,School_Institution_1,school_institutional,5
Z005,20,2.6,0.0,0.0,0.0,School_Institution_1,school_institutional,5
Z005,21,1.84,0.0,0.0,0.0,School_Institution_1,school_institutional,5
Z005,22,1.08,0.0,0.5,0.54,School_Institution_1,school_institutional,5
Z005,23,1.12,0.0,0.0,0.0,School_Institution_1,school_institutional,5
Z005,24,0.99,0.0,0.0,0.0,School_Institution_1,school_institutional,5
Z005,25,1.19,0.0,0.0,0.0,School_Institution_1,school_institutional,5
Z005,26,1.12,0.0,0.0,0.0,School_Institution_1,school_institutional,5
Z005,27,1.7,0.0,0.5,0.85,School_Institution_1,school_institutional,5
Z005,28,2.85,0.0,0.0,0.0,School_Institution_1,school_institutional,5
Z005,29,4.69,0.0,0.0,0.0,School_Institution_1,school_institutional,5
Z005,30,6.92,0.0,0.0,0.0,School_Institution_1,school_institutional,5
Z005,31,9.69,0.0,0.0,0.0,School_Institution_1,school_institutional,5
Z005,32,12.18,0.0,0.5,6.09,School_Institution_1,school_institutional,5
Z005,33,17.48,0.0,0.0,0.0,School_Institution_1,school_institutional,5
Z005,34,18.95,0.0,0.0,0.0,School_Institution_1,school_institutional,5
Z005,35,20.96,0.0,0.0,0.0,School_Institution_1,school_institutional,5
Z005,36,21.64,0.0,0.0,0.0,School_Institution_1,school_institutional,5
Z005,37,17.91,0.0,0.5,8.955,School_Institution_1,school_institutional,5
Z005,38,19.6,0.0,0.0,0.0,School_Institution_1,school_institutional,5
Z005,39,15.93,0.0,0.0,0.0,School_Institution_1,school_institutional,5
Z005,40,12.83,0.0,0.0,0.0,School_Institution_1,school_institutional,5
Z005,41,9.9,0.0,0.0,0.0,School_Institution_1,school_institutional,5
Z005,42,6.58,0.0,0.5,3.29,School_Institution_1,school_institutional,5
Z005,43,4.89,0.0,0.0,0.0,School_Institution_1,school_institutional,5
Z005,44,2.79,0.0,0.0,0.0,School_Institution_1,school_institutional,5
Z005,45,1.62,0.0,0.0,0.0,School_Institution_1,school_institutional,5
Z005,46,1.02,0.0,0.5,0.51,School_Institution_1,school_institutional,5
Z005,47,1.09,0.0,0.0,0.0,School_Institution_1,school_institutional,5
Z006,0,1.09,5.45,1.0,1.09,School_Institution_2,school_institutional,5
Z006,1,1.01,5.05,1.0,1.01,School_Institution_2,school_institutional,5
Z006,2,0.95,4.75,1.0,0.95,School_Institution_2,school_institutional,5
Z006,3,1.77,8.85,1.0,1.77,School_Institution_2,school_institutional,5
Z006,4,2.65,13.25,0.29448306,0.780380109,School_Institution_2,school_institutional,5
Z006,5,4.84,24.2,1.0,4.84,School_Institution_2,school_institutional,5
Z006,6,6.76,33.8,1.0,6.76,School_Institution_2,school_institutional,5
Z006,7,9.16,45.8,1.0,9.16,School_Institution_2,school_institutional,5
Z006,8,12.18,60.9,1.0,12.18,School_Institution_2,school_institutional,5
Z006,9,16.2,81.0,1.0,16.2,School_Institution_2,school_institutional,5
Z006,10,19.42,97.10000000000001,1.0,19.42,School_Institution_2,school_institutional,5
Z006,11,20.0,100.0,1.0,20.0,School_Institution_2,school_institutional,5
Z006,12,22.07,110.35,1.0,22.07,School_Institution_2,school_institutional,5
Z006,13,22.78,113.9,1.0,22.78,School_Institution_2,school_institutional,5
Z006,14,18.2,91.0,1.0,18.2,School_Institution_2,school_institutional,5
Z006,15,14.68,73.4,1.0,14.68,School_Institution_2,school_institutional,5
Z006,16,11.87,59.349999999999994,1.0,11.87,School_Institution_2,school_institutional,5
Z006,17,8.76,43.8,1.0,8.76,School_Institution_2,school_institutional,5
Z006,18,6.52,32.599999999999994,1.0,6.52,School_Institution_2,school_institutional,5
Z006,19,4.32,21.6,1.0,4.32,School_Institution_2,school_institutional,5
Z006,20,2.6,13.0,1.0,2.6,School_Institution_2,school_institutional,5
Z006,21,1.71,8.55,1.0,1.71,School_Institution_2,school_institutional,5
Z006,22,0.88,4.4,1.0,0.88,School_Institution_2,school_institutional,5
Z006,23,0.96,4.8,1.0,0.96,School_Institution_2,school_institutional,5
Z006,24,1.17,5.85,0.0,0.0,School_Institution_2,school_institutional,5
Z006,25,1.11,5.550000000000001,1.0,1.11,School_Institution_2,school_institutional,5
Z006,26,1.08,5.4,1.0,1.08,School_Institution_2,school_institutional,5
Z006,27,1.71,8.55,1.0,1.71,School_Institution_2,school_institutional,5
Z006,28,3.13,15.649999999999999,1.0,3.13,School_Institution_2,school_institutional,5
Z006,29,4.66,23.3,1.0,4.66,School_Institution_2,school_institutional,5
Z006,30,6.81,34.05,1.0,6.81,School_Institution_2,school_institutional,5
Z006,31,8.86,44.3,1.0,8.86,School_Institution_2,school_institutional,5
Z006,32,12.61,63.05,1.0,12.61,School_Institution_2,school_institutional,5
Z006,33,15.07,75.35,1.0,15.07,School_Institution_2,school_institutional,5
Z006,34,17.65,88.25,1.0,17.65,School_Institution_2,school_institutional,5
Z006,35,19.38,96.89999999999999,1.0,19.38,School_Institution_2,school_institutional,5
Z006,36,20.83,104.14999999999999,1.0,20.83,School_Institution_2,school_institutional,5
Z006,37,19.84,99.2,1.0,19.84,School_Institution_2,school_institutional,5
Z006,38,19.4,97.0,1.0,19.4,School_Institution_2,school_institutional,5
Z006,39,14.51,72.55,1.0,14.51,School_Institution_2,school_institutional,5
Z006,40,12.54,62.699999999999996,1.0,12.54,School_Institution_2,school_institutional,5
Z006,41,10.63,53.150000000000006,1.0,10.63,School_Institution_2,school_institutional,5
Z006,42,6.8,34.0,1.0,6.8,School_Institution_2,school_institutional,5
Z006,43,4.84,24.2,1.0,4.84,School_Institution_2,school_institutional,5
Z006,44,3.02,15.1,1.0,3.02,School_Institution_2,school_institutional,5
Z006,45,1.79,8.95,1.0,1.79,School_Institution_2,school_institutional,5
Z006,46,1.09,5.45,1.0,1.09,School_Institution_2,school_institutional,5
Z006,47,0.96,4.8,1.0,0.96,School_Institution_2,school_institutional,5
Z007,0,1.24,6.2,1.0,1.24,School_Institution_3,school_institutional,5
Z007,1,1.23,6.15,1.0,1.23,School_Institution_3,school_institutional,5
Z007,2,1.14,5.699999999999999,1.0,1.14,School_Institution_3,school_institutional,5
Z007,3,1.95,9.75,1.0,1.95,School_Institution_3,school_institutional,5
Z007,4,3.15,15.75,1.0,3.15,School_Institution_3,school_institutional,5
Z007,5,4.9,24.5,1.0,4.9,School_Institution_3,school_institutional,5
Z007,6,8.27,41.349999999999994,1.0,8.27,School_Institution_3,school_institutional,5
Z007,7,11.48,57.400000000000006,1.0,11.48,School_Institution_3,school_institutional,5
Z007,8,14.62,73.1,1.0,14.62,School_Institution_3,school_institutional,5
Z007,9,17.9,89.5,1.0,17.9,School_Institution_3,school_institutional,5
Z007,10,21.47,107.35,1.0,21.47,School_Institution_3,school_institutional,5
Z007,11,23.8,119.0,1.0,23.8,School_Institution_3,school_institutional,5
Z007,12,24.53,122.65,1.0,24.53,School_Institution_3,school_institutional,5
Z007,13,24.3,121.5,1.0,24.3,School_Institution_3,school_institutional,5
Z007,14,21.62,108.10000000000001,1.0,21.62,School_Institution_3,school_institutional,5
Z007,15,19.43,97.15,1.0,19.43,School_Institution_3,school_institutional,5
Z007,16,15.73,78.65,1.0,15.73,School_Institution_3,school_institutional,5
Z007,17,11.76,58.8,1.0,11.76,School_Institution_3,school_institutional,5
Z007,18,7.84,39.2,1.0,7.84,School_Institution_3,school_institutional,5
Z007,19,5.24,26.200000000000003,1.0,5.24,School_Institution_3,school_institutional,5
Z007,20,3.49,17.450000000000003,1.0,3.49,School_Institution_3,school_institutional,5
Z007,21,1.98,9.9,1.0,1.98,School_Institution_3,school_institutional,5
Z007,22,1.25,6.25,1.0,1.25,School_Institution_3,school_institutional,5
Z007,23,1.07,5.3500000000000005,1.0,1.07,School_Institution_3,school_institutional,5
Z007,24,1.05,5.25,0.0,0.0,School_Institution_3,school_institutional,5
Z007,25,1.28,6.4,1.0,1.28,School_Institution_3,school_institutional,5
Z007,26,1.28,6.4,1.0,1.28,School_Institution_3,school_institutional,5
Z007,27,2.17,10.85,1.0,2.17,School_Institution_3,school_institutional,5
Z007,28,3.55,17.75,0.038365342,0.13619696409999998,School_Institution_3,school_institutional,5
Z007,29,5.51,27.549999999999997,1.0,5.51,School_Institution_3,school_institutional,5
Z007,30,8.17,40.85,1.0,8.17,School_Institution_3,school_institutional,5
Z007,31,10.53,52.65,1.0,10.53,School_Institution_3,school_institutional,5
Z007,32,16.06,80.3,1.0,16.06,School_Institution_3,school_institutional,5
Z007,33,18.3,91.5,1.0,18.3,School_Institution_3,school_institutional,5
Z007,34,22.86,114.3,1.0,22.86,School_Institution_3,school_institutional,5
Z007,35,24.67,123.35000000000001,1.0,24.67,School_Institution_3,school_institutional,5
Z007,36,25.56,127.8,1.0,25.56,School_Institution_3,school_institutional,5
Z007,37,25.68,128.4,1.0,25.68,School_Institution_3,school_institutional,5
Z007,38,21.54,107.69999999999999,1.0,21.54,School_Institution_3,school_institutional,5
Z007,39,18.54,92.69999999999999,1.0,18.54,School_Institution_3,school_institutional,5
Z007,40,14.47,72.35000000000001,1.0,14.47,School_Institution_3,school_institutional,5
Z007,41,11.25,56.25,1.0,11.25,School_Institution_3,school_institutional,5
Z007,42,8.98,44.900000000000006,1.0,8.98,School_Institution_3,school_institutional,5
Z007,43,5.32,26.6,1.0,5.32,School_Institution_3,school_institutional,5
Z007,44,3.65,18.25,1.0,3.65,School_Institution_3,school_institutional,5
Z007,45,2.1,10.5,1.0,2.1,School_Institution_3,school_institutional,5
Z007,46,1.31,6.550000000000001,1.0,1.31,School_Institution_3,school_institutional,5
Z007,47,1.32,6.6000000000000005,1.0,1.32,School_Institution_3,school_institutional,5
Z008,0,0.9,0.0,0.3,0.27,School_Institution_4,school_institutional,5
Z008,1,0.97,0.0,0.0,0.0,School_Institution_4,school_institutional,5
Z008,2,1.04,0.0,0.0,0.0,School_Institution_4,school_institutional,5
Z008,3,1.45,0.0,0.5,0.725,School_Institution_4,school_institutional,5
Z008,4,2.57,0.0,0.0,0.0,School_Institution_4,school_institutional,5
Z008,5,3.95,0.0,0.0,0.0,School_Institution_4,school_institutional,5
Z008,6,6.31,5.249999999999999,0.0,0.0,School_Institution_4,school_institutional,5
Z008,7,8.17,14.55,0.0,0.0,School_Institution_4,school_institutional,5
Z008,8,12.68,37.1,0.5,6.34,School_Institution_4,school_institutional,5
Z008,9,14.07,44.050000000000004,1.0,14.07,School_Institution_4,school_institutional,5
Z008,10,15.27,50.05,1.0,15.27,School_Institution_4,school_institutional,5
Z008,11,20.47,76.05,1.0,20.47,School_Institution_4,school_institutional,5
Z008,12,20.18,74.6,1.0,20.18,School_Institution_4,school_institutional,5
Z008,13,19.06,69.0,1.0,19.06,School_Institution_4,school_institutional,5
Z008,14,17.37,60.550000000000004,1.0,17.37,School_Institution_4,school_institutional,5
Z008,15,14.09,44.15,1.0,14.09,School_Institution_4,school_institutional,5
Z008,16,11.41,30.75,0.5,5.705,School_Institution_4,school_institutional,5
Z008,17,9.11,19.25,0.0,0.0,School_Institution_4,school_institutional,5
Z008,18,6.53,6.350000000000002,0.0,0.0,School_Institution_4,school_institutional,5
Z008,19,4.36,0.0,0.0,0.0,School_Institution_4,school_institutional,5
Z008,20,2.61,0.0,0.0,0.0,School_Institution_4,school_institutional,5
Z008,21,1.47,0.0,0.5,0.735,School_Institution_4,school_institutional,5
Z008,22,0.94,0.0,0.0,0.0,School_Institution_4,school_institutional,5
Z008,23,1.02,0.0,0.0,0.0,School_Institution_4,school_institutional,5
Z008,24,1.04,0.0,0.0,0.0,School_Institution_4,school_institutional,5
Z008,25,0.93,0.0,0.0,0.0,School_Institution_4,school_institutional,5
Z008,26,0.93,0.0,0.5,0.465,School_Institution_4,school_institutional,5
Z008,27,1.63,0.0,0.0,0.0,School_Institution_4,school_institutional,5
Z008,28,2.69,0.0,0.0,0.0,School_Institution_4,school_institutional,5
Z008,29,4.3,0.0,0.0,0.0,School_Institution_4,school_institutional,5
Z008,30,5.7,2.200000000000002,0.0,0.0,School_Institution_4,school_institutional,5
Z008,31,8.54,16.4,0.5,4.27,School_Institution_4,school_institutional,5
Z008,32,11.21,29.750000000000007,0.0,0.0,School_Institution_4,school_institutional,5
Z008,33,14.58,46.6,1.0,14.58,School_Institution_4,school_institutional,5
Z008,34,15.13,49.35000000000001,1.0,15.13,School_Institution_4,school_institutional,5
Z008,35,19.9,73.19999999999999,1.0,19.9,School_Institution_4,school_institutional,5
Z008,36,19.42,70.80000000000001,1.0,19.42,School_Institution_4,school_institutional,5
Z008,37,18.97,68.55,1.0,18.97,School_Institution_4,school_institutional,5
Z008,38,15.63,51.85000000000001,1.0,15.63,School_Institution_4,school_institutional,5
Z008,39,14.37,45.55,1.0,14.37,School_Institution_4,school_institutional,5
Z008,40,12.49,36.150000000000006,0.5,6.245,School_Institution_4,school_institutional,5
Z008,41,7.91,13.250000000000002,0.0,0.0,School_Institution_4,school_institutional,5
Z008,42,6.31,5.249999999999999,0.0,0.0,School_Institution_4,school_institutional,5
Z008,43,4.3,0.0,0.0,0.0,School_Institution_4,school_institutional,5
Z008,44,2.47,0.0,0.0,0.0,School_Institution_4,school_institutional,5
Z008,45,1.59,0.0,0.5,0.795,School_Institution_4,school_institutional,5
Z008,46,0.93,0.0,0.0,0.0,School_Institution_4,school_institutional,5
Z008,47,1.02,0.0,0.0,0.0,School_Institution_4,school_institutional,5
Z009,0,3.66,0.0,0.8,2.9280000000000004,Commercial_1,commercial,3
Z009,1,3.94,0.0,0.0,0.0,Commercial_1,commercial,3
Z009,2,4.95,0.0,0.0,0.0,Commercial_1,commercial,3
Z009,3,5.47,0.0,0.0,0.0,Commercial_1,commercial,3
Z009,4,6.8,0.0,0.0,0.0,Commercial_1,commercial,3
Z009,5,7.18,0.8999999999999995,0.5,3.59,Commercial_1,commercial,3
Z009,6,9.12,6.719999999999998,0.0,0.0,Commercial_1,commercial,3
Z009,7,12.06,15.540000000000003,0.0,0.0,Commercial_1,commercial,3
Z009,8,14.3,22.26,0.0,0.0,Commercial_1,commercial,3
Z009,9,15.49,25.83,0.0,0.0,Commercial_1,commercial,3
Z009,10,17.99,33.33,0.5,8.995,Commercial_1,commercial,3
Z009,11,17.15,30.81,0.0,0.0,Commercial_1,commercial,3
Z009,12,19.06,36.54,0.0,0.0,Commercial_1,commercial,3
Z009,13,17.49,31.83,0.0,0.0,Commercial_1,commercial,3
Z009,14,18.81,35.79,0.0,0.0,Commercial_1,commercial,3
Z009,15,17.6,32.16000000000001,0.5,8.8,Commercial_1,commercial,3
Z009,16,17.41,31.590000000000003,0.0,0.0,Commercial_1,commercial,3
Z009,17,18.31,34.29,0.0,0.0,Commercial_1,commercial,3
Z009,18,20.06,39.54,0.0,0.0,Commercial_1,commercial,3
Z009,19,16.02,27.42,0.0,0.0,Commercial_1,commercial,3
Z009,20,14.37,22.47,0.5,7.185,Commercial_1,commercial,3
Z009,21,12.74,17.580000000000002,0.0,0.0,Commercial_1,commercial,3
Z009,22,8.73,5.550000000000002,0.0,0.0,Commercial_1,commercial,3
Z009,23,7.17,0.8700000000000001,0.0,0.0,Commercial_1,commercial,3
Z009,24,3.6,0.0,0.0,0.0,Commercial_1,commercial,3
Z009,25,3.91,0.0,0.5,1.955,Commercial_1,commercial,3
Z009,26,4.52,0.0,0.0,0.0,Commercial_1,commercial,3
Z009,27,5.75,0.0,0.0,0.0,Commercial_1,commercial,3
Z009,28,6.55,0.0,0.0,0.0,Commercial_1,commercial,3
Z009,29,7.98,3.3000000000000016,0.47350243,3.7785493914,Commercial_1,commercial,3
Z009,30,9.63,8.250000000000004,0.026497572,0.25517161836,Commercial_1,commercial,3
Z009,31,10.41,10.59,0.0,0.0,Commercial_1,commercial,3
Z009,32,12.85,17.91,0.0,0.0,Commercial_1,commercial,3
Z009,33,16.93,30.150000000000002,0.045933014,0.77764592702,Commercial_1,commercial,3
Z009,34,18.04,33.480000000000004,0.42756941,7.713352156399999,Commercial_1,commercial,3
Z009,35,18.87,35.970000000000006,0.026497572,0.50000918364,Commercial_1,commercial,3
Z009,36,19.54,37.980000000000004,0.0,0.0,Commercial_1,commercial,3
Z009,37,18.17,33.870000000000005,0.0,0.0,Commercial_1,commercial,3
Z009,38,18.81,35.79,0.045933014,0.86399999334,Commercial_1,commercial,3
Z009,39,17.15,30.81,0.42756941,7.332815381499999,Commercial_1,commercial,3
Z009,40,18.53,34.95,0.026497572,0.49100000916000003,Commercial_1,commercial,3
Z009,41,17.47,31.77,0.0,0.0,Commercial_1,commercial,3
Z009,42,17.86,32.94,0.0,0.0,Commercial_1,commercial,3
Z009,43,17.52,31.92,0.045933014,0.80474640528,Commercial_1,commercial,3
Z009,44,14.61,23.189999999999998,0.45406699,6.6339187239,Commercial_1,commercial,3
Z009,45,12.44,16.68,0.0,0.0,Commercial_1,commercial,3
Z009,46,9.2,6.959999999999998,0.0,0.0,Commercial_1,commercial,3
Z009,47,6.62,0.0,0.0,0.0,Commercial_1,commercial,3
Z010,0,4.38,13.14,0.0,0.0,Commercial_2,commercial,3
Z010,1,4.05,12.149999999999999,0.0,0.0,Commercial_2,commercial,3
Z010,2,4.57,13.71,0.9,4.113,Commercial_2,commercial,3
Z010,3,6.17,18.509999999999998,0.0,0.0,Commercial_2,commercial,3
Z010,4,7.61,22.830000000000002,0.0,0.0,Commercial_2,commercial,3
Z010,5,9.91,29.73,0.0,0.0,Commercial_2,commercial,3
Z010,6,11.34,34.019999999999996,1.0,11.34,Commercial_2,commercial,3
Z010,7,13.78,41.339999999999996,1.0,13.78,Commercial_2,commercial,3
Z010,8,14.69,44.07,1.0,14.69,Commercial_2,commercial,3
Z010,9,18.58,55.739999999999995,0.0011298463,0.020992544253999997,Commercial_2,commercial,3
Z010,10,20.45,61.349999999999994,0.0,0.0,Commercial_2,commercial,3
Z010,11,19.61,58.83,1.0,19.61,Commercial_2,commercial,3
Z010,12,20.36,61.08,0.0,0.0,Commercial_2,commercial,3
Z010,13,21.33,63.989999999999995,0.0,0.0,Commercial_2,commercial,3
Z010,14,21.44,64.32000000000001,0.0,0.0,Commercial_2,commercial,3
Z010,15,17.07,51.21,0.0,0.0,Commercial_2,commercial,3
Z010,16,20.79,62.37,1.0,20.79,Commercial_2,commercial,3
Z010,17,21.15,63.449999999999996,0.45851497,9.6975916155,Commercial_2,commercial,3
Z010,18,20.47,61.41,1.0,20.47,Commercial_2,commercial,3
Z010,19,19.81,59.42999999999999,0.034955249,0.69246348269,Commercial_2,commercial,3
Z010,20,17.51,52.53,0.0,0.0,Commercial_2,commercial,3
Z010,21,12.86,38.58,0.57070614,7.339280960399999,Commercial_2,commercial,3
Z010,22,10.5,31.5,0.32835956,3.44777538,Commercial_2,commercial,3
Z010,23,7.3,21.9,0.0,0.0,Commercial_2,commercial,3
Z010,24,3.83,11.49,0.0,0.0,Commercial_2,commercial,3
Z010,25,4.5,13.5,0.0,0.0,Commercial_2,commercial,3
Z010,26,5.51,16.53,1.0,5.51,Commercial_2,commercial,3
Z010,27,5.43,16.29,0.27062615,1.4694999945,Commercial_2,commercial,3
Z010,28,6.49,19.47,0.0,0.0,Commercial_2,commercial,3
Z010,29,7.97,23.91,0.0,0.0,Commercial_2,commercial,3
Z010,30,12.14,36.42,0.75093395,9.116338153,Commercial_2,commercial,3
Z010,31,12.93,38.79,1.0,12.93,Commercial_2,commercial,3
Z010,32,15.46,46.38,0.94042691,14.5390000286,Commercial_2,commercial,3
Z010,33,16.93,50.79,0.316028,5.350354039999999,Commercial_2,commercial,3
Z010,34,18.54,55.62,0.0,0.0,Commercial_2,commercial,3
Z010,35,18.39,55.17,1.0,18.39,Commercial_2,commercial,3
Z010,36,21.74,65.22,0.0,0.0,Commercial_2,commercial,3
Z010,37,21.81,65.42999999999999,0.0,0.0,Commercial_2,commercial,3
Z010,38,18.58,55.739999999999995,0.0,0.0,Commercial_2,commercial,3
Z010,39,19.43,58.29,1.0,19.43,Commercial_2,commercial,3
Z010,40,19.77,59.31,0.0,0.0,Commercial_2,commercial,3
Z010,41,20.83,62.489999999999995,1.0,20.83,Commercial_2,commercial,3
Z010,42,20.99,62.97,0.0,0.0,Commercial_2,commercial,3
Z010,43,20.82,62.46,0.0,0.0,Commercial_2,commercial,3
Z010,44,18.44,55.32000000000001,0.34305924,6.3260123856,Commercial_2,commercial,3
Z010,45,14.57,43.71,0.82258065,11.9850000705,Commercial_2,commercial,3
Z010,46,11.06,33.18,0.74724713,8.2645532578,Commercial_2,commercial,3
Z010,47,6.89,20.669999999999998,0.98055152,6.7559999728,Commercial_2,commercial,3
Z011,0,3.5,10.5,0.5,1.75,Commercial_3,commercial,3
Z011,1,4.24,12.72,0.0,0.0,Commercial_3,commercial,3
Z011,2,4.59,13.77,0.0,0.0,Commercial_3,commercial,3
Z011,3,5.32,15.96,0.0,0.0,Commercial_3,commercial,3
Z011,4,5.67,17.009999999999998,0.0,0.0,Commercial_3,commercial,3
Z011,5,7.02,21.06,1.0,7.02,Commercial_3,commercial,3
Z011,6,10.11,30.33,1.0,10.11,Commercial_3,commercial,3
Z011,7,11.96,35.88,1.0,11.96,Commercial_3,commercial,3
Z011,8,13.61,40.83,1.0,13.61,Commercial_3,commercial,3
Z011,9,15.48,46.44,0.0,0.0,Commercial_3,commercial,3
Z011,10,15.73,47.19,0.5,7.865,Commercial_3,commercial,3
Z011,11,19.11,57.33,0.0,0.0,Commercial_3,commercial,3
Z011,12,20.41,61.230000000000004,0.0,0.0,Commercial_3,commercial,3
Z011,13,21.06,63.17999999999999,0.0,0.0,Commercial_3,commercial,3
Z011,14,18.88,56.64,0.0,0.0,Commercial_3,commercial,3
Z011,15,18.29,54.87,0.5,9.145,Commercial_3,commercial,3
Z011,16,17.27,51.81,0.0,0.0,Commercial_3,commercial,3
Z011,17,20.0,60.0,1.0,20.0,Commercial_3,commercial,3
Z011,18,20.36,61.08,0.14465401,2.9451556435999997,Commercial_3,commercial,3
Z011,19,16.77,50.31,0.0,0.0,Commercial_3,commercial,3
Z011,20,15.48,46.44,0.75245478,11.647999994400001,Commercial_3,commercial,3
Z011,21,12.29,36.87,1.0,12.29,Commercial_3,commercial,3
Z011,22,8.83,26.490000000000002,1.0,8.83,Commercial_3,commercial,3
Z011,23,5.62,16.86,0.0,0.0,Commercial_3,commercial,3
Z011,24,3.54,10.620000000000001,0.0,0.0,Commercial_3,commercial,3
Z011,25,4.12,12.36,0.0,0.0,Commercial_3,commercial,3
Z011,26,4.12,12.36,1.0,4.12,Commercial_3,commercial,3
Z011,27,5.05,15.149999999999999,0.0,0.0,Commercial_3,commercial,3
Z011,28,5.17,15.51,0.0,0.0,Commercial_3,commercial,3
Z011,29,8.51,25.53,0.0,0.0,Commercial_3,commercial,3
Z011,30,9.98,29.94,1.0,9.98,Commercial_3,commercial,3
Z011,31,11.76,35.28,1.0,11.76,Commercial_3,commercial,3
Z011,32,13.63,40.89,1.0,13.63,Commercial_3,commercial,3
Z011,33,15.26,45.78,0.0,0.0,Commercial_3,commercial,3
Z011,34,17.47,52.41,0.0,0.0,Commercial_3,commercial,3
Z011,35,18.35,55.050000000000004,0.51711122,9.488990887,Commercial_3,commercial,3
Z011,36,18.93,56.79,1.0,18.93,Commercial_3,commercial,3
Z011,37,19.14,57.42,0.0,0.0,Commercial_3,commercial,3
Z011,38,18.97,56.91,0.0,0.0,Commercial_3,commercial,3
Z011,39,20.23,60.69,0.0,0.0,Commercial_3,commercial,3
Z011,40,16.88,50.64,1.0,16.88,Commercial_3,commercial,3
Z011,41,18.92,56.760000000000005,0.0,0.0,Commercial_3,commercial,3
Z011,42,17.78,53.34,1.0,17.78,Commercial_3,commercial,3
Z011,43,16.22,48.66,0.97467655,15.809253640999998,Commercial_3,commercial,3
Z011,44,13.06,39.18,1.0,13.06,Commercial_3,commercial,3
Z011,45,12.67,38.01,1.0,12.67,Commercial_3,commercial,3
Z011,46,8.6,25.799999999999997,1.0,8.6,Commercial_3,commercial,3
Z011,47,6.31,18.93,1.0,6.31,Commercial_3,commercial,3
Z012,0,2.99,8.97,0.47591973,1.4229999927,Commercial_4,commercial,3
Z012,1,2.98,8.94,0.0,0.0,Commercial_4,commercial,3
Z012,2,3.63,10.89,0.32408027,1.1764113801,Commercial_4,commercial,3
Z012,3,4.25,12.75,0.0,0.0,Commercial_4,commercial,3
Z012,4,5.41,16.23,0.0,0.0,Commercial_4,commercial,3
Z012,5,6.72,20.16,0.92358631,6.2065000031999995,Commercial_4,commercial,3
Z012,6,7.37,22.11,1.0,7.37,Commercial_4,commercial,3
Z012,7,9.93,29.79,1.0,9.93,Commercial_4,commercial,3
Z012,8,11.05,33.150000000000006,0.66208817,7.3160742785,Commercial_4,commercial,3
Z012,9,12.83,38.49,1.0,12.83,Commercial_4,commercial,3
Z012,10,13.9,41.7,0.0,0.0,Commercial_4,commercial,3
Z012,11,15.7,47.099999999999994,0.0,0.0,Commercial_4,commercial,3
Z012,12,14.3,42.900000000000006,0.32362582,4.627849226,Commercial_4,commercial,3
Z012,13,15.63,46.89,1.0,15.63,Commercial_4,commercial,3
Z012,14,16.17,48.510000000000005,0.84847587,13.719854817900002,Commercial_4,commercial,3
Z012,15,14.6,43.8,0.0,0.0,Commercial_4,commercial,3
Z012,16,16.64,49.92,0.17993948,2.9941929472,Commercial_4,commercial,3
Z012,17,14.29,42.87,1.0,14.29,Commercial_4,commercial,3
Z012,18,15.01,45.03,1.0,15.01,Commercial_4,commercial,3
Z012,19,13.57,40.71,1.0,13.57,Commercial_4,commercial,3
Z012,20,11.76,35.28,1.0,11.76,Commercial_4,commercial,3
Z012,21,9.15,27.450000000000003,1.0,9.15,Commercial_4,commercial,3
Z012,22,7.1,21.299999999999997,1.0,7.1,Commercial_4,commercial,3
Z012,23,5.29,15.870000000000001,0.0,0.0,Commercial_4,commercial,3
Z012,24,2.77,8.31,0.0,0.0,Commercial_4,commercial,3
Z012,25,3.35,10.05,0.066509809,0.22280786015,Commercial_4,commercial,3
Z012,26,3.95,11.850000000000001,0.0,0.0,Commercial_4,commercial,3
Z012,27,3.87,11.61,1.0,3.87,Commercial_4,commercial,3
Z012,28,5.42,16.259999999999998,0.0,0.0,Commercial_4,commercial,3
Z012,29,6.41,19.23,1.0,6.41,Commercial_4,commercial,3
Z012,30,7.89,23.669999999999998,1.0,7.89,Commercial_4,commercial,3
Z012,31,10.8,32.400000000000006,1.0,10.8,Commercial_4,commercial,3
Z012,32,11.92,35.76,1.0,11.92,Commercial_4,commercial,3
Z012,33,12.99,38.97,1.0,12.99,Commercial_4,commercial,3
Z012,34,14.24,42.72,0.19277588,2.7451285312,Commercial_4,commercial,3
Z012,35,13.06,39.18,1.0,13.06,Commercial_4,commercial,3
Z012,36,16.14,48.42,0.0,0.0,Commercial_4,commercial,3
Z012,37,14.7,44.099999999999994,0.0,0.0,Commercial_4,commercial,3
Z012,38,15.27,45.81,0.0,0.0,Commercial_4,commercial,3
Z012,39,14.95,44.849999999999994,0.0,0.0,Commercial_4,commercial,3
Z012,40,15.7,47.099999999999994,0.5,7.85,Commercial_4,commercial,3
Z012,41,16.78,50.34,1.0,16.78,Commercial_4,commercial,3
Z012,42,15.71,47.13,1.0,15.71,Commercial_4,commercial,3
Z012,43,15.05,45.150000000000006,0.0,0.0,Commercial_4,commercial,3
Z012,44,12.05,36.150000000000006,1.0,12.05,Commercial_4,commercial,3
Z012,45,10.08,30.240000000000002,1.0,10.08,Commercial_4,commercial,3
Z012,46,7.68,23.04,1.0,7.68,Commercial_4,commercial,3
Z012,47,4.85,14.549999999999999,1.0,4.85,Commercial_4,commercial,3
Z013,0,2.94,0.0,0.0,0.0,Commercial_5,commercial,3
Z013,1,2.74,0.0,0.0,0.0,Commercial_5,commercial,3
Z013,2,3.01,0.0,0.5,1.505,Commercial_5,commercial,3
Z013,3,4.21,0.0,0.0,0.0,Commercial_5,commercial,3
Z013,4,5.23,0.0,0.0,0.0,Commercial_5,commercial,3
Z013,5,5.46,0.0,0.0,0.0,Commercial_5,commercial,3
Z013,6,6.73,3.3900000000000023,0.0,0.0,Commercial_5,commercial,3
Z013,7,10.04,13.319999999999999,0.5,5.02,Commercial_5,commercial,3
Z013,8,10.06,13.380000000000003,0.0,0.0,Commercial_5,commercial,3
Z013,9,10.09,13.47,0.0,0.0,Commercial_5,commercial,3
Z013,10,12.2,19.799999999999997,0.0,0.0,Commercial_5,commercial,3
Z013,11,15.11,28.53,0.06986423,1.0556485153,Commercial_5,commercial,3
Z013,12,14.41,26.43,0.43013577,6.198256445699999,Commercial_5,commercial,3
Z013,13,14.46,26.580000000000005,0.0,0.0,Commercial_5,commercial,3
Z013,14,14.58,26.94,0.0,0.0,Commercial_5,commercial,3
Z013,15,13.9,24.900000000000002,0.0,0.0,Commercial_5,commercial,3
Z013,16,13.07,22.410000000000004,0.06986423,0.9131254861,Commercial_5,commercial,3
Z013,17,12.16,19.68,0.43013577,5.2304509632,Commercial_5,commercial,3
Z013,18,13.69,24.27,0.0,0.0,Commercial_5,commercial,3
Z013,19,11.72,18.360000000000003,0.0,0.0,Commercial_5,commercial,3
Z013,20,10.94,16.02,0.0,0.0,Commercial_5,commercial,3
Z013,21,9.75,12.450000000000001,0.06986423,0.6811762425,Commercial_5,commercial,3
Z013,22,6.81,3.63,0.43013577,2.9292245936999994,Commercial_5,commercial,3
Z013,23,4.79,0.0,0.0,0.0,Commercial_5,commercial,3
Z013,24,2.63,0.0,0.0,0.0,Commercial_5,commercial,3
Z013,25,2.99,0.0,0.38358116,1.1469076684,Commercial_5,commercial,3
Z013,26,3.44,0.0,0.11641884,0.4004808096,Commercial_5,commercial,3
Z013,27,3.53,0.0,0.0,0.0,Commercial_5,commercial,3
Z013,28,4.7,0.0,0.0,0.0,Commercial_5,commercial,3
Z013,29,6.29,2.070000000000001,0.38358116,2.4127254964,Commercial_5,commercial,3
Z013,30,7.31,5.13,0.0,0.0,Commercial_5,commercial,3
Z013,31,8.07,7.410000000000002,0.11641884,0.9395000388,Commercial_5,commercial,3
Z013,32,9.59,11.97,0.0,0.0,Commercial_5,commercial,3
Z013,33,10.04,13.319999999999999,0.0,0.0,Commercial_5,commercial,3
Z013,34,12.06,19.380000000000003,0.46583908,5.618019304800001,Commercial_5,commercial,3
Z013,35,14.79,27.57,0.0,0.0,Commercial_5,commercial,3
Z013,36,13.81,24.630000000000003,0.034160923,0.47176234663000005,Commercial_5,commercial,3
Z013,37,13.13,22.590000000000003,0.0,0.0,Commercial_5,commercial,3
Z013,38,13.11,22.53,0.0,0.0,Commercial_5,commercial,3
Z013,39,13.27,23.009999999999998,0.46583908,6.1816845916,Commercial_5,commercial,3
Z013,40,13.25,22.950000000000003,0.0,0.0,Commercial_5,commercial,3
Z013,41,13.16,22.68,0.034160923,0.44955774668000004,Commercial_5,commercial,3
Z013,42,12.71,21.330000000000005,0.0,0.0,Commercial_5,commercial,3
Z013,43,13.05,22.35,0.0,0.0,Commercial_5,commercial,3
Z013,44,12.0,19.200000000000003,0.46583908,5.59006896,Commercial_5,commercial,3
Z013,45,8.52,8.76,0.0,0.0,Commercial_5,commercial,3
Z013,46,6.38,2.3400000000000007,0.034160923,0.21794668874,Commercial_5,commercial,3
Z013,47,5.11,0.0,0.0,0.0,Commercial_5,commercial,3
Z014,0,3.28,9.84,0.6,1.9679999999999997,Commercial_6,commercial,3
Z014,1,3.8,11.399999999999999,0.0,0.0,Commercial_6,commercial,3
Z014,2,4.38,13.14,0.0,0.0,Commercial_6,commercial,3
Z014,3,5.34,16.02,0.0,0.0,Commercial_6,commercial,3
Z014,4,6.29,18.87,0.0,0.0,Commercial_6,commercial,3
Z014,5,7.43,22.29,0.5,3.715,Commercial_6,commercial,3
Z014,6,9.81,29.43,1.0,9.81,Commercial_6,commercial,3
Z014,7,10.82,32.46,1.0,10.82,Commercial_6,commercial,3
Z014,8,12.32,36.96,1.0,12.32,Commercial_6,commercial,3
Z014,9,13.85,41.55,1.0,13.85,Commercial_6,commercial,3
Z014,10,18.22,54.66,0.9034303,16.460500065999998,Commercial_6,commercial,3
Z014,11,16.64,49.92,1.0,16.64,Commercial_6,commercial,3
Z014,12,19.6,58.800000000000004,1.0,19.6,Commercial_6,commercial,3
Z014,13,19.82,59.46,0.29605412,5.8677926584,Commercial_6,commercial,3
Z014,14,19.61,58.83,0.0,0.0,Commercial_6,commercial,3
Z014,15,18.2,54.599999999999994,0.73357143,13.351000026,Commercial_6,commercial,3
Z014,16,17.76,53.28,1.0,17.76,Commercial_6,commercial,3
Z014,17,18.61,55.83,0.0,0.0,Commercial_6,commercial,3
Z014,18,17.7,53.099999999999994,1.0,17.7,Commercial_6,commercial,3
Z014,19,15.96,47.88,1.0,15.96,Commercial_6,commercial,3
Z014,20,16.26,48.78,1.0,16.26,Commercial_6,commercial,3
Z014,21,11.49,34.47,1.0,11.49,Commercial_6,commercial,3
Z014,22,10.06,30.18,1.0,10.06,Commercial_6,commercial,3
Z014,23,6.78,20.34,0.0,0.0,Commercial_6,commercial,3
Z014,24,3.5,10.5,0.0,0.0,Commercial_6,commercial,3
Z014,25,4.05,12.149999999999999,0.0,0.0,Commercial_6,commercial,3
Z014,26,4.81,14.43,0.53992083,2.5970191923,Commercial_6,commercial,3
Z014,27,4.85,14.549999999999999,1.0,4.85,Commercial_6,commercial,3
Z014,28,6.04,18.12,0.0,0.0,Commercial_6,commercial,3
Z014,29,7.35,22.049999999999997,0.23733366,1.7444024009999999,Commercial_6,commercial,3
Z014,30,9.72,29.160000000000004,1.0,9.72,Commercial_6,commercial,3
Z014,31,11.93,35.79,1.0,11.93,Commercial_6,commercial,3
Z014,32,13.79,41.37,1.0,13.79,Commercial_6,commercial,3
Z014,33,15.08,45.24,0.0,0.0,Commercial_6,commercial,3
Z014,34,16.88,50.64,1.0,16.88,Commercial_6,commercial,3
Z014,35,19.9,59.699999999999996,0.0,0.0,Commercial_6,commercial,3
Z014,36,20.37,61.11,0.83417956,16.992237637200002,Commercial_6,commercial,3
Z014,37,19.2,57.599999999999994,0.95091146,18.257500032,Commercial_6,commercial,3
Z014,38,17.23,51.69,0.0,0.0,Commercial_6,commercial,3
Z014,39,19.08,57.239999999999995,0.0,0.0,Commercial_6,commercial,3
Z014,40,18.68,56.04,1.0,18.68,Commercial_6,commercial,3
Z014,41,18.79,56.37,0.87860257,16.5089422903,Commercial_6,commercial,3
Z014,42,20.26,60.78,0.86117966,17.4474999116,Commercial_6,commercial,3
Z014,43,18.15,54.449999999999996,0.0,0.0,Commercial_6,commercial,3
Z014,44,14.23,42.69,1.0,14.23,Commercial_6,commercial,3
Z014,45,11.44,34.32,1.0,11.44,Commercial_6,commercial,3
Z014,46,9.84,29.52,1.0,9.84,Commercial_6,commercial,3
Z014,47,6.65,19.950000000000003,0.0,0.0,Commercial_6,commercial,3
Z015,0,1.13,1.13,0.0,0.0,Residential_1,residential_idle,1
Z015,1,1.07,1.07,0.0,0.0,Residential_1,residential_idle,1
Z015,2,1.02,1.02,0.5,0.51,Residential_1,residential_idle,1
Z015,3,1.18,1.18,0.0,0.0,Residential_1,residential_idle,1
Z015,4,1.69,1.69,0.0,0.0,Residential_1,residential_idle,1
Z015,5,2.93,2.93,0.5,1.465,Residential_1,residential_idle,1
Z015,6,5.07,5.07,0.0,0.0,Residential_1,residential_idle,1
Z015,7,7.73,7.73,0.0,0.0,Residential_1,residential_idle,1
Z015,8,7.65,7.65,0.0,0.0,Residential_1,residential_idle,1
Z015,9,5.5,5.5,0.0,0.0,Residential_1,residential_idle,1
Z015,10,3.05,3.05,0.5,1.525,Residential_1,residential_idle,1
Z015,11,1.74,1.74,0.0,0.0,Residential_1,residential_idle,1
Z015,12,1.18,1.18,0.0,0.0,Residential_1,residential_idle,1
Z015,13,1.08,1.08,0.0,0.0,Residential_1,residential_idle,1
Z015,14,1.17,1.17,0.5,0.585,Residential_1,residential_idle,1
Z015,15,1.4,1.4,0.0,0.0,Residential_1,residential_idle,1
Z015,16,2.0,2.0,0.0,0.0,Residential_1,residential_idle,1
Z015,17,3.42,3.42,0.0,0.0,Residential_1,residential_idle,1
Z015,18,5.45,5.45,0.0,0.0,Residential_1,residential_idle,1
Z015,19,6.91,6.91,0.5,3.455,Residential_1,residential_idle,1
Z015,20,8.55,8.55,0.0,0.0,Residential_1,residential_idle,1
Z015,21,7.27,7.27,0.0,0.0,Residential_1,residential_idle,1
Z015,22,5.13,5.13,0.0,0.0,Residential_1,residential_idle,1
Z015,23,3.52,3.52,0.0,0.0,Residential_1,residential_idle,1
Z015,24,1.05,1.05,0.5,0.525,Residential_1,residential_idle,1
Z015,25,1.19,1.19,0.0,0.0,Residential_1,residential_idle,1
Z015,26,1.12,1.12,0.0,0.0,Residential_1,residential_idle,1
Z015,27,1.17,1.17,0.0,0.0,Residential_1,residential_idle,1
Z015,28,1.48,1.48,0.0,0.0,Residential_1,residential_idle,1
Z015,29,2.8,2.8,0.5,1.4,Residential_1,residential_idle,1
Z015,30,5.72,5.72,0.0,0.0,Residential_1,residential_idle,1
Z015,31,7.56,7.56,0.0,0.0,Residential_1,residential_idle,1
Z015,32,8.24,8.24,0.0,0.0,Residential_1,residential_idle,1
Z015,33,4.76,4.76,0.0,0.0,Residential_1,residential_idle,1
Z015,34,2.91,2.91,0.5,1.455,Residential_1,residential_idle,1
Z015,35,1.63,1.63,0.0,0.0,Residential_1,residential_idle,1
Z015,36,1.18,1.18,0.0,0.0,Residential_1,residential_idle,1
Z015,37,1.1,1.1,0.0,0.0,Residential_1,residential_idle,1
Z015,38,1.23,1.23,0.5,0.615,Residential_1,residential_idle,1
Z015,39,1.32,1.32,0.0,0.0,Residential_1,residential_idle,1
Z015,40,1.93,1.93,0.0,0.0,Residential_1,residential_idle,1
Z015,41,3.44,3.44,0.0,0.0,Residential_1,residential_idle,1
Z015,42,5.83,5.83,0.0,0.0,Residential_1,residential_idle,1
Z015,43,7.62,7.62,0.5,3.81,Residential_1,residential_idle,1
Z015,44,8.18,8.18,0.0,0.0,Residential_1,residential_idle,1
Z015,45,7.56,7.56,0.0,0.0,Residential_1,residential_idle,1
Z015,46,5.59,5.59,0.0,0.0,Residential_1,residential_idle,1
Z015,47,3.16,3.16,0.0,0.0,Residential_1,residential_idle,1
Z016,0,0.9,0.9,0.7,0.63,Residential_2,residential_idle,1
Z016,1,1.01,1.01,0.0,0.0,Residential_2,residential_idle,1
Z016,2,0.99,0.99,0.0,0.0,Residential_2,residential_idle,1
Z016,3,1.12,1.12,0.0,0.0,Residential_2,residential_idle,1
Z016,4,1.44,1.44,0.0,0.0,Residential_2,residential_idle,1
Z016,5,2.73,2.73,0.5,1.365,Residential_2,residential_idle,1
Z016,6,5.59,5.59,0.0,0.0,Residential_2,residential_idle,1
Z016,7,7.94,7.94,0.0,0.0,Residential_2,residential_idle,1
Z016,8,7.88,7.88,0.0,0.0,Residential_2,residential_idle,1
Z016,9,5.99,5.99,0.0,0.0,Residential_2,residential_idle,1
Z016,10,2.8,2.8,0.5,1.4,Residential_2,residential_idle,1
Z016,11,1.52,1.52,0.0,0.0,Residential_2,residential_idle,1
Z016,12,1.25,1.25,0.0,0.0,Residential_2,residential_idle,1
Z016,13,1.03,1.03,0.0,0.0,Residential_2,residential_idle,1
Z016,14,1.05,1.05,0.0,0.0,Residential_2,residential_idle,1
Z016,15,1.51,1.51,0.5,0.755,Residential_2,residential_idle,1
Z016,16,2.1,2.1,0.0,0.0,Residential_2,residential_idle,1
Z016,17,3.54,3.54,0.0,0.0,Residential_2,residential_idle,1
Z016,18,5.66,5.66,0.0,0.0,Residential_2,residential_idle,1
Z016,19,7.84,7.84,0.0,0.0,Residential_2,residential_idle,1
Z016,20,8.06,8.06,0.5,4.03,Residential_2,residential_idle,1
Z016,21,7.41,7.41,0.0,0.0,Residential_2,residential_idle,1
Z016,22,5.09,5.09,0.0,0.0,Residential_2,residential_idle,1
Z016,23,3.45,3.45,0.0,0.0,Residential_2,residential_idle,1
Z016,24,1.1,1.1,0.0,0.0,Residential_2,residential_idle,1
Z016,25,1.05,1.05,0.5,0.525,Residential_2,residential_idle,1
Z016,26,1.13,1.13,0.0,0.0,Residential_2,residential_idle,1
Z016,27,1.37,1.37,0.0,0.0,Residential_2,residential_idle,1
Z016,28,1.45,1.45,0.0,0.0,Residential_2,residential_idle,1
Z016,29,3.02,3.02,0.5,1.51,Residential_2,residential_idle,1
Z016,30,5.77,5.77,0.0,0.0,Residential_2,residential_idle,1
Z016,31,8.41,8.41,0.0,0.0,Residential_2,residential_idle,1
Z016,32,7.53,7.53,0.0,0.0,Residential_2,residential_idle,1
Z016,33,5.85,5.85,0.0,0.0,Residential_2,residential_idle,1
Z016,34,3.0,3.0,0.5,1.5,Residential_2,residential_idle,1
Z016,35,1.55,1.55,0.0,0.0,Residential_2,residential_idle,1
Z016,36,1.14,1.14,0.0,0.0,Residential_2,residential_idle,1
Z016,37,1.12,1.12,0.0,0.0,Residential_2,residential_idle,1
Z016,38,1.23,1.23,0.5,0.615,Residential_2,residential_idle,1
Z016,39,1.48,1.48,0.0,0.0,Residential_2,residential_idle,1
Z016,40,2.34,2.34,0.0,0.0,Residential_2,residential_idle,1
Z016,41,3.36,3.36,0.0,0.0,Residential_2,residential_idle,1
Z016,42,5.67,5.67,0.0,0.0,Residential_2,residential_idle,1
Z016,43,7.28,7.28,0.5,3.64,Residential_2,residential_idle,1
Z016,44,8.7,8.7,0.0,0.0,Residential_2,residential_idle,1
Z016,45,7.53,7.53,0.0,0.0,Residential_2,residential_idle,1
Z016,46,5.28,5.28,0.0,0.0,Residential_2,residential_idle,1
Z016,47,3.16,3.16,0.0,0.0,Residential_2,residential_idle,1
Z017,0,0.79,0.79,0.9,0.7110000000000001,Residential_3,residential_idle,1
Z017,1,0.84,0.84,0.0,0.0,Residential_3,residential_idle,1
Z017,2,0.91,0.91,0.0,0.0,Residential_3,residential_idle,1
Z017,3,0.93,0.93,0.0,0.0,Residential_3,residential_idle,1
Z017,4,1.1,1.1,0.0,0.0,Residential_3,residential_idle,1
Z017,5,2.13,2.13,0.5,1.065,Residential_3,residential_idle,1
Z017,6,4.17,4.17,0.0,0.0,Residential_3,residential_idle,1
Z017,7,5.98,5.98,0.0,0.0,Residential_3,residential_idle,1
Z017,8,6.05,6.05,0.0,0.0,Residential_3,residential_idle,1
Z017,9,4.35,4.35,0.0,0.0,Residential_3,residential_idle,1
Z017,10,2.22,2.22,0.5,1.11,Residential_3,residential_idle,1
Z017,11,1.13,1.13,0.0,0.0,Residential_3,residential_idle,1
Z017,12,0.78,0.78,0.5,0.39,Residential_3,residential_idle,1
Z017,13,0.82,0.82,0.0,0.0,Residential_3,residential_idle,1
Z017,14,0.79,0.79,0.0,0.0,Residential_3,residential_idle,1
Z017,15,1.05,1.05,0.0,0.0,Residential_3,residential_idle,1
Z017,16,1.59,1.59,0.0,0.0,Residential_3,residential_idle,1
Z017,17,2.39,2.39,0.5,1.195,Residential_3,residential_idle,1
Z017,18,4.1,4.1,0.0,0.0,Residential_3,residential_idle,1
Z017,19,5.52,5.52,0.0,0.0,Residential_3,residential_idle,1
Z017,20,6.99,6.99,0.0,0.0,Residential_3,residential_idle,1
Z017,21,5.78,5.78,0.0,0.0,Residential_3,residential_idle,1
Z017,22,3.66,3.66,0.5,1.83,Residential_3,residential_idle,1
Z017,23,2.65,2.65,0.0,0.0,Residential_3,residential_idle,1
Z017,24,0.84,0.84,0.0,0.0,Residential_3,residential_idle,1
Z017,25,0.81,0.81,0.0,0.0,Residential_3,residential_idle,1
Z017,26,0.8,0.8,0.5,0.4,Residential_3,residential_idle,1
Z017,27,0.91,0.91,0.0,0.0,Residential_3,residential_idle,1
Z017,28,1.22,1.22,0.0,0.0,Residential_3,residential_idle,1
Z017,29,2.23,2.23,0.5,1.115,Residential_3,residential_idle,1
Z017,30,3.87,3.87,0.0,0.0,Residential_3,residential_idle,1
Z017,31,5.86,5.86,0.0,0.0,Residential_3,residential_idle,1
Z017,32,5.39,5.39,0.0,0.0,Residential_3,residential_idle,1
Z017,33,3.74,3.74,0.0,0.0,Residential_3,residential_idle,1
Z017,34,2.1,2.1,0.5,1.05,Residential_3,residential_idle,1
Z017,35,1.1,1.1,0.0,0.0,Residential_3,residential_idle,1
Z017,36,0.85,0.85,0.0,0.0,Residential_3,residential_idle,1
Z017,37,0.96,0.96,0.0,0.0,Residential_3,residential_idle,1
Z017,38,0.9,0.9,0.5,0.45,Residential_3,residential_idle,1
Z017,39,1.0,1.0,0.0,0.0,Residential_3,residential_idle,1
Z017,40,1.35,1.35,0.0,0.0,Residential_3,residential_idle,1
Z017,41,2.44,2.44,0.0,0.0,Residential_3,residential_idle,1
Z017,42,3.74,3.74,0.0,0.0,Residential_3,residential_idle,1
Z017,43,4.85,4.85,0.5,2.425,Residential_3,residential_idle,1
Z017,44,6.5,6.5,0.0,0.0,Residential_3,residential_idle,1
Z017,45,5.43,5.43,0.0,0.0,Residential_3,residential_idle,1
Z017,46,4.2,4.2,0.0,0.0,Residential_3,residential_idle,1
Z017,47,3.05,3.05,0.0,0.0,Residential_3,residential_idle,1
Z018,0,1.2,1.2,0.0,0.0,Residential_4,residential_idle,1
Z018,1,1.19,1.19,0.0,0.0,Residential_4,residential_idle,1
Z018,2,1.22,1.22,0.5,0.61,Residential_4,residential_idle,1
Z018,3,1.25,1.25,0.0,0.0,Residential_4,residential_idle,1
Z018,4,1.62,1.62,0.0,0.0,Residential_4,residential_idle,1
Z018,5,3.11,3.11,0.5,1.555,Residential_4,residential_idle,1
Z018,6,6.38,6.38,0.0,0.0,Residential_4,residential_idle,1
Z018,7,8.5,8.5,0.0,0.0,Residential_4,residential_idle,1
Z018,8,7.93,7.93,0.0,0.0,Residential_4,residential_idle,1
Z018,9,5.52,5.52,0.0,0.0,Residential_4,residential_idle,1
Z018,10,2.95,2.95,0.5,1.475,Residential_4,residential_idle,1
Z018,11,1.7,1.7,0.0,0.0,Residential_4,residential_idle,1
Z018,12,1.31,1.31,0.0,0.0,Residential_4,residential_idle,1
Z018,13,1.25,1.25,0.0,0.0,Residential_4,residential_idle,1
Z018,14,1.36,1.36,0.5,0.68,Residential_4,residential_idle,1
Z018,15,1.51,1.51,0.0,0.0,Residential_4,residential_idle,1
Z018,16,2.37,2.37,0.0,0.0,Residential_4,residential_idle,1
Z018,17,3.82,3.82,0.0,0.0,Residential_4,residential_idle,1
Z018,18,6.23,6.23,0.0,0.0,Residential_4,residential_idle,1
Z018,19,7.26,7.26,0.5,3.63,Residential_4,residential_idle,1
Z018,20,9.78,9.78,0.0,0.0,Residential_4,residential_idle,1
Z018,21,7.41,7.41,0.0,0.0,Residential_4,residential_idle,1
Z018,22,5.58,5.58,0.0,0.0,Residential_4,residential_idle,1
Z018,23,3.94,3.94,0.0,0.0,Residential_4,residential_idle,1
Z018,24,1.16,1.16,0.5,0.58,Residential_4,residential_idle,1
Z018,25,1.32,1.32,0.0,0.0,Residential_4,residential_idle,1
Z018,26,1.21,1.21,0.0,0.0,Residential_4,residential_idle,1
Z018,27,1.2,1.2,0.0,0.0,Residential_4,residential_idle,1
Z018,28,1.73,1.73,0.0,0.0,Residential_4,residential_idle,1
Z018,29,3.09,3.09,0.5,1.545,Residential_4,residential_idle,1
Z018,30,6.56,6.56,0.0,0.0,Residential_4,residential_idle,1
Z018,31,9.55,9.55,0.0,0.0,Residential_4,residential_idle,1
Z018,32,9.08,9.08,0.0,0.0,Residential_4,residential_idle,1
Z018,33,5.86,5.86,0.0,0.0,Residential_4,residential_idle,1
Z018,34,3.19,3.19,0.5,1.595,Residential_4,residential_idle,1
Z018,35,1.82,1.82,0.0,0.0,Residential_4,residential_idle,1
Z018,36,1.22,1.22,0.0,0.0,Residential_4,residential_idle,1
Z018,37,1.16,1.16,0.5,0.58,Residential_4,residential_idle,1
Z018,38,1.34,1.34,0.0,0.0,Residential_4,residential_idle,1
Z018,39,1.61,1.61,0.0,0.0,Residential_4,residential_idle,1
Z018,40,2.23,2.23,0.0,0.0,Residential_4,residential_idle,1
Z018,41,3.71,3.71,0.0,0.0,Residential_4,residential_idle,1
Z018,42,5.3,5.3,0.5,2.65,Residential_4,residential_idle,1
Z018,43,8.78,8.78,0.0,0.0,Residential_4,residential_idle,1
Z018,44,9.07,9.07,0.0,0.0,Residential_4,residential_idle,1
Z018,45,7.5,7.5,0.0,0.0,Residential_4,residential_idle,1
Z018,46,5.6,5.6,0.0,0.0,Residential_4,residential_idle,1
Z018,47,3.57,3.57,0.5,1.785,Residential_4,residential_idle,1
Z019,0,1.23,1.23,0.0,0.0,Residential_5,residential_idle,1
Z019,1,1.16,1.16,0.0,0.0,Residential_5,residential_idle,1
Z019,2,1.03,1.03,0.9,0.927,Residential_5,residential_idle,1
Z019,3,1.33,1.33,0.0,0.0,Residential_5,residential_idle,1
Z019,4,1.73,1.73,0.0,0.0,Residential_5,residential_idle,1
Z019,5,2.78,2.78,0.5,1.39,Residential_5,residential_idle,1
Z019,6,4.72,4.72,0.0,0.0,Residential_5,residential_idle,1
Z019,7,8.61,8.61,0.0,0.0,Residential_5,residential_idle,1
Z019,8,7.85,7.85,0.0,0.0,Residential_5,residential_idle,1
Z019,9,5.57,5.57,0.0,0.0,Residential_5,residential_idle,1
Z019,10,2.87,2.87,0.5,1.435,Residential_5,residential_idle,1
Z019,11,1.72,1.72,0.0,0.0,Residential_5,residential_idle,1
Z019,12,1.31,1.31,0.0,0.0,Residential_5,residential_idle,1
Z019,13,1.19,1.19,0.0,0.0,Residential_5,residential_idle,1
Z019,14,1.19,1.19,0.0,0.0,Residential_5,residential_idle,1
Z019,15,1.46,1.46,0.5,0.73,Residential_5,residential_idle,1
Z019,16,2.2,2.2,0.0,0.0,Residential_5,residential_idle,1
Z019,17,3.19,3.19,0.0,0.0,Residential_5,residential_idle,1
Z019,18,6.04,6.04,0.0,0.0,Residential_5,residential_idle,1
Z019,19,7.52,7.52,0.0,0.0,Residential_5,residential_idle,1
Z019,20,8.68,8.68,0.5,4.34,Residential_5,residential_idle,1
Z019,21,7.73,7.73,0.0,0.0,Residential_5,residential_idle,1
Z019,22,5.93,5.93,0.0,0.0,Residential_5,residential_idle,1
Z019,23,3.75,3.75,0.0,0.0,Residential_5,residential_idle,1
Z019,24,1.26,1.26,0.0,0.0,Residential_5,residential_idle,1
Z019,25,1.09,1.09,0.5,0.545,Residential_5,residential_idle,1
Z019,26,1.06,1.06,0.0,0.0,Residential_5,residential_idle,1
Z019,27,1.21,1.21,0.0,0.0,Residential_5,residential_idle,1
Z019,28,1.54,1.54,0.0,0.0,Residential_5,residential_idle,1
Z019,29,3.12,3.12,0.5,1.56,Residential_5,residential_idle,1
Z019,30,5.35,5.35,0.0,0.0,Residential_5,residential_idle,1
Z019,31,8.22,8.22,0.0,0.0,Residential_5,residential_idle,1
Z019,32,8.61,8.61,0.0,0.0,Residential_5,residential_idle,1
Z019,33,5.97,5.97,0.0,0.0,Residential_5,residential_idle,1
Z019,34,3.01,3.01,0.5,1.505,Residential_5,residential_idle,1
Z019,35,1.74,1.74,0.0,0.0,Residential_5,residential_idle,1
Z019,36,1.29,1.29,0.0,0.0,Residential_5,residential_idle,1
Z019,37,1.02,1.02,0.0,0.0,Residential_5,residential_idle,1
Z019,38,1.23,1.23,0.5,0.615,Residential_5,residential_idle,1
Z019,39,1.46,1.46,0.0,0.0,Residential_5,residential_idle,1
Z019,40,2.09,2.09,0.0,0.0,Residential_5,residential_idle,1
Z019,41,3.4,3.4,0.0,0.0,Residential_5,residential_idle,1
Z019,42,5.65,5.65,0.0,0.0,Residential_5,residential_idle,1
Z019,43,7.86,7.86,0.5,3.93,Residential_5,residential_idle,1
Z019,44,8.7,8.7,0.0,0.0,Residential_5,residential_idle,1
Z019,45,8.31,8.31,0.0,0.0,Residential_5,residential_idle,1
Z019,46,5.97,5.97,0.0,0.0,Residential_5,residential_idle,1
Z019,47,3.41,3.41,0.0,0.0,Residential_5,residential_idle,1
Z020,0,0.69,0.69,0.0,0.0,Residential_6,residential_idle,1
Z020,1,0.76,0.76,0.0,0.0,Residential_6,residential_idle,1
Z020,2,0.7,0.7,0.9,0.63,Residential_6,residential_idle,1
Z020,3,0.79,0.79,0.0,0.0,Residential_6,residential_idle,1
Z020,4,1.07,1.07,0.0,0.0,Residential_6,residential_idle,1
Z020,5,2.05,2.05,0.5,1.025,Residential_6,residential_idle,1
Z020,6,3.78,3.78,0.0,0.0,Residential_6,residential_idle,1
Z020,7,5.76,5.76,0.0,0.0,Residential_6,residential_idle,1
Z020,8,5.16,5.16,0.0,0.0,Residential_6,residential_idle,1
Z020,9,3.81,3.81,0.0,0.0,Residential_6,residential_idle,1
Z020,10,1.86,1.86,0.5,0.93,Residential_6,residential_idle,1
Z020,11,1.06,1.06,0.0,0.0,Residential_6,residential_idle,1
Z020,12,0.79,0.79,0.0,0.0,Residential_6,residential_idle,1
Z020,13,0.7,0.7,0.0,0.0,Residential_6,residential_idle,1
Z020,14,0.66,0.66,0.5,0.33,Residential_6,residential_idle,1
Z020,15,0.99,0.99,0.0,0.0,Residential_6,residential_idle,1
Z020,16,1.41,1.41,0.0,0.0,Residential_6,residential_idle,1
Z020,17,2.32,2.32,0.0,0.0,Residential_6,residential_idle,1
Z020,18,3.51,3.51,0.0,0.0,Residential_6,residential_idle,1
Z020,19,4.9,4.9,0.5,2.45,Residential_6,residential_idle,1
Z020,20,5.72,5.72,0.0,0.0,Residential_6,residential_idle,1
Z020,21,5.01,5.01,0.0,0.0,Residential_6,residential_idle,1
Z020,22,3.92,3.92,0.0,0.0,Residential_6,residential_idle,1
Z020,23,2.31,2.31,0.0,0.0,Residential_6,residential_idle,1
Z020,24,0.69,0.69,0.5,0.345,Residential_6,residential_idle,1
Z020,25,0.75,0.75,0.0,0.0,Residential_6,residential_idle,1
Z020,26,0.7,0.7,0.0,0.0,Residential_6,residential_idle,1
Z020,27,0.79,0.79,0.0,0.0,Residential_6,residential_idle,1
Z020,28,0.93,0.93,0.0,0.0,Residential_6,residential_idle,1
Z020,29,1.89,1.89,0.5,0.945,Residential_6,residential_idle,1
Z020,30,3.78,3.78,0.0,0.0,Residential_6,residential_idle,1
Z020,31,5.1,5.1,0.0,0.0,Residential_6,residential_idle,1
Z020,32,5.3,5.3,0.0,0.0,Residential_6,residential_idle,1
Z020,33,3.79,3.79,0.0,0.0,Residential_6,residential_idle,1
Z020,34,1.94,1.94,0.5,0.97,Residential_6,residential_idle,1
Z020,35,1.16,1.16,0.0,0.0,Residential_6,residential_idle,1
Z020,36,0.77,0.77,0.0,0.0,Residential_6,residential_idle,1
Z020,37,0.73,0.73,0.0,0.0,Residential_6,residential_idle,1
Z020,38,0.77,0.77,0.5,0.385,Residential_6,residential_idle,1
Z020,39,0.83,0.83,0.0,0.0,Residential_6,residential_idle,1
Z020,40,1.25,1.25,0.0,0.0,Residential_6,residential_idle,1
Z020,41,2.37,2.37,0.0,0.0,Residential_6,residential_idle,1
Z020,42,3.59,3.59,0.0,0.0,Residential_6,residential_idle,1
Z020,43,5.41,5.41,0.5,2.705,Residential_6,residential_idle,1
Z020,44,5.54,5.54,0.0,0.0,Residential_6,residential_idle,1
Z020,45,4.94,4.94,0.0,0.0,Residential_6,residential_idle,1
Z020,46,3.89,3.89,0.0,0.0,Residential_6,residential_idle,1
Z020,47,2.33,2.33,0.0,0.0,Residential_6,residential_idle,1
