zone_id,hour,demand_kwh,served_fraction,allocated_kwh,zone_name,category,criticality_score,effective_need
Z001,0,60.84,0,0,Hospital_1,hospital,10,0
Z001,1,57.16,0,0,Hospital_1,hospital,10,0
Z001,2,62.48,0,0,Hospital_1,hospital,10,0
Z001,3,55.85,0,0,Hospital_1,hospital,10,0
Z001,4,55.78,0.7255405314947453,40.47065084677689,Hospital_1,hospital,10,0
Z001,5,55.13,0.7147758152173914,39.405590692934794,Hospital_1,hospital,10,0
Z001,6,50.13,0.7010365724005955,35.142963374441855,Hospital_1,hospital,10,0
Z001,7,51.52,0.7061620912667902,36.381470942065036,Hospital_1,hospital,10,0
Z001,8,55.82,0.6555531640120534,36.592977615152826,Hospital_1,hospital,10,0
Z001,9,50.51,0.6528769424611509,32.976814363712734,Hospital_1,hospital,10,0
Z001,10,52.62,0.6486106052880765,34.12989005025858,Hospital_1,hospital,10,0
Z001,11,52.42,0.6590038036587574,34.54497938779207,Hospital_1,hospital,10,0
Z001,12,55.02,0.6943208065994501,38.201530779101745,Hospital_1,hospital,10,0
Z001,13,52.6,0.6936556765951287,36.48628858890377,Hospital_1,hospital,10,0
Z001,14,54.03,0.7119654885340195,38.46749534549308,Hospital_1,hospital,10,0
Z001,15,56.08,0.7130024107813303,39.985175196617,Hospital_1,hospital,10,0
Z001,16,56.32,0.6208608925711899,34.966885469609416,Hospital_1,hospital,10,0
Z001,17,53.63,0.6231767281602182,33.420967931232504,Hospital_1,hospital,10,0
Z001,18,60.09,0.6193158919362001,37.214691946446266,Hospital_1,hospital,10,0
Z001,19,52.85,0.62406611878969,32.981894378035115,Hospital_1,hospital,10,0
Z001,20,53.28,0,0,Hospital_1,hospital,10,0
Z001,21,52.91,0,0,Hospital_1,hospital,10,0
Z001,22,60.34,0,0,Hospital_1,hospital,10,0
Z001,23,55.34,0,0,Hospital_1,hospital,10,0
Z001,24,52.71,0.7210853258321613,38.008407524613226,Hospital_1,hospital,10,0
Z001,25,51.51,0.7281435720988426,37.50667539881138,Hospital_1,hospital,10,0
Z001,26,55.91,0.7347820984273532,41.081667123073316,Hospital_1,hospital,10,0
Z001,27,50.38,0.7290462316951621,36.72934915280227,Hospital_1,hospital,10,0
Z001,28,49.03,0.6440061604224291,31.5756220455117,Hospital_1,hospital,10,0
Z001,29,54.42,0.6543257639472947,35.60840807401178,Hospital_1,hospital,10,0
Z001,30,48.29,0.6582113381803892,31.785025520730997,Hospital_1,hospital,10,0
Z001,31,50.74,0.6508767881864328,33.025488232579605,Hospital_1,hospital,10,0
Z001,32,51.62,0.6898721608539159,35.61120094327914,Hospital_1,hospital,10,0
Z001,33,50.36,0.6883473389355742,34.665171988795514,Hospital_1,hospital,10,0
Z001,34,51.86,0.6884305162102613,35.70200657066415,Hospital_1,hospital,10,0
Z001,35,56.7,0.689311064718163,39.08393736951984,Hospital_1,hospital,10,0
Z001,36,51.44,0.6341853790308967,32.622495897349324,Hospital_1,hospital,10,0
Z001,37,49.72,0.6271002024291499,31.17942206477733,Hospital_1,hospital,10,0
Z001,38,48.52,0.6259676864902028,30.371952148504644,Hospital_1,hospital,10,0
Z001,39,54.6,0.6200573892963869,33.855133455582724,Hospital_1,hospital,10,0
Z001,40,54.79,0,0,Hospital_1,hospital,10,0
Z001,41,57.47,0,0,Hospital_1,hospital,10,0
Z001,42,55.44,0,0,Hospital_1,hospital,10,0
Z001,43,55.67,0,0,Hospital_1,hospital,10,0
Z001,44,54.93,0.6811800100284139,37.417217950860774,Hospital_1,hospital,10,0
Z001,45,55.53,0.6980552712384852,38.76300921187308,Hospital_1,hospital,10,0
Z001,46,57.58,0.6961896451425248,40.08659976730657,Hospital_1,hospital,10,0
Z001,47,55.28,0.6903706859821049,38.16369152109076,Hospital_1,hospital,10,0
Z002,0,36.53,0.8784550283604935,32.089962186008826,Hospital_2,hospital,10,193.3
Z002,1,39.95,0.8751701314440199,34.9630467511886,Hospital_2,hospital,10,227.50000000000003
Z002,2,36.39,0.8933954582466299,32.51066072559486,Hospital_2,hospital,10,191.9
Z002,3,31.59,0.8659060342508743,27.35397162198512,Hospital_2,hospital,10,143.9
Z002,4,38.02,0,0,Hospital_2,hospital,10,208.20000000000005
Z002,5,34.76,0,0,Hospital_2,hospital,10,175.6
Z002,6,31.85,0,0,Hospital_2,hospital,10,146.50000000000003
Z002,7,35.39,0,0,Hospital_2,hospital,10,181.9
Z002,8,33.54,0.6555531640120534,21.987253120964272,Hospital_2,hospital,10,163.4
Z002,9,32.33,0.6528769424611509,21.107511549769008,Hospital_2,hospital,10,151.29999999999998
Z002,10,32.47,0.6486106052880765,21.06038635370384,Hospital_2,hospital,10,152.7
Z002,11,32.02,0.6590038036587574,21.101301793153414,Hospital_2,hospital,10,148.20000000000005
Z002,12,34.54,0.6943208065994501,23.981840659945004,Hospital_2,hospital,10,173.4
Z002,13,37.13,0.6936556765951287,25.75543527197713,Hospital_2,hospital,10,199.30000000000004
Z002,14,34.69,0.7119654885340195,24.698082797245135,Hospital_2,hospital,10,174.89999999999998
Z002,15,36.77,0.7130024107813303,26.217098644429516,Hospital_2,hospital,10,195.70000000000005
Z002,16,40.4,0.6208608925711899,25.08278005987607,Hospital_2,hospital,10,232
Z002,17,34.03,0.6231767281602182,21.206704059292225,Hospital_2,hospital,10,168.3
Z002,18,37.57,0.6193158919362001,23.26769806004304,Hospital_2,hospital,10,203.70000000000002
Z002,19,36.5,0.62406611878969,22.778413335823686,Hospital_2,hospital,10,193
Z002,20,34.88,0.7434156925256818,25.930339355295786,Hospital_2,hospital,10,176.80000000000004
Z002,21,34.9,0.7596420145655965,26.511506308339317,Hospital_2,hospital,10,177
Z002,22,36.96,0.7974670658682635,29.47438275449102,Hospital_2,hospital,10,197.60000000000002
Z002,23,37.65,0.7967130995676938,29.99624819872367,Hospital_2,hospital,10,204.5
Z002,24,35.15,0,0,Hospital_2,hospital,10,179.5
Z002,25,35.98,0,0,Hospital_2,hospital,10,187.79999999999998
Z002,26,36.91,0,0,Hospital_2,hospital,10,197.09999999999997
Z002,27,35.51,0,0,Hospital_2,hospital,10,183.1
Z002,28,36.23,0.6440061604224291,23.332343192104602,Hospital_2,hospital,10,190.29999999999998
Z002,29,34.99,0.6543257639472947,22.894858480515843,Hospital_2,hospital,10,177.90000000000003
Z002,30,34.74,0.6582113381803892,22.866261888386724,Hospital_2,hospital,10,175.40000000000003
Z002,31,37.25,0.6508767881864328,24.24516035994462,Hospital_2,hospital,10,200.5
Z002,32,34.76,0.6898721608539159,23.979956311282116,Hospital_2,hospital,10,175.6
Z002,33,33.83,0.6883473389355742,23.286790476190475,Hospital_2,hospital,10,166.29999999999998
Z002,34,35.19,0.6884305162102613,24.225869865439094,Hospital_2,hospital,10,179.89999999999998
Z002,35,32.17,0.689311064718163,22.175136951983305,Hospital_2,hospital,10,149.70000000000002
Z002,36,33.74,0.6341853790308967,21.397414688502455,Hospital_2,hospital,10,165.40000000000003
Z002,37,36.55,0.6271002024291499,22.920512398785426,Hospital_2,hospital,10,193.49999999999997
Z002,38,36.71,0.6259676864902028,22.979273771055347,Hospital_2,hospital,10,195.10000000000002
Z002,39,39.19,0.6200573892963869,24.3000490865254,Hospital_2,hospital,10,219.89999999999998
Z002,40,36.33,0.7539786604962078,27.392044735827227,Hospital_2,hospital,10,191.29999999999998
Z002,41,33.48,0.7636275731660149,25.566251149598177,Hospital_2,hospital,10,162.79999999999998
Z002,42,41.32,0.7464056509418237,30.841481496916153,Hospital_2,hospital,10,241.20000000000002
Z002,43,39.62,0.7412716810862277,29.369184004636338,Hospital_2,hospital,10,224.2
Z002,44,34.88,0,0,Hospital_2,hospital,10,176.80000000000004
Z002,45,40.25,0,0,Hospital_2,hospital,10,230.5
Z002,46,37.07,0,0,Hospital_2,hospital,10,198.70000000000002
Z002,47,32.71,0,0,Hospital_2,hospital,10,155.10000000000002
Z003,0,19.95,0.8784550283604935,17.525177815791846,ColdStorage_WaterPump_1,cold_storage_water,7,139.65
Z003,1,17.89,0.8751701314440199,15.656793651533516,ColdStorage_WaterPump_1,cold_storage_water,7,125.23
Z003,2,19.86,0.8933954582466299,17.74283380077807,ColdStorage_WaterPump_1,cold_storage_water,7,139.01999999999998
Z003,3,17.27,0.8659060342508743,14.954197211512598,ColdStorage_WaterPump_1,cold_storage_water,7,120.89
Z003,4,17.86,0.7255405314947453,12.958153892496151,ColdStorage_WaterPump_1,cold_storage_water,7,125.02
Z003,5,17.83,0.7147758152173914,12.744452785326088,ColdStorage_WaterPump_1,cold_storage_water,7,124.80999999999999
Z003,6,17.72,0.7010365724005955,12.422368062938551,ColdStorage_WaterPump_1,cold_storage_water,7,124.03999999999999
Z003,7,17.14,0.7061620912667902,12.103618244312784,ColdStorage_WaterPump_1,cold_storage_water,7,119.98
Z003,8,18.37,0,0,ColdStorage_WaterPump_1,cold_storage_water,7,128.59
Z003,9,19.31,0,0,ColdStorage_WaterPump_1,cold_storage_water,7,135.17
Z003,10,18.81,0,0,ColdStorage_WaterPump_1,cold_storage_water,7,131.67
Z003,11,17.43,0,0,ColdStorage_WaterPump_1,cold_storage_water,7,122.00999999999999
Z003,12,19.05,0.6943208065994501,13.226811365719524,ColdStorage_WaterPump_1,cold_storage_water,7,133.35
Z003,13,22.64,0.6936556765951287,15.704364518113715,ColdStorage_WaterPump_1,cold_storage_water,7,158.48000000000002
Z003,14,23.32,0.7119654885340195,16.603035192613337,ColdStorage_WaterPump_1,cold_storage_water,7,163.24
Z003,15,24.93,0.7130024107813303,17.775150100778564,ColdStorage_WaterPump_1,cold_storage_water,7,174.51
Z003,16,23.29,0.6208608925711899,14.459850187983013,ColdStorage_WaterPump_1,cold_storage_water,7,163.03
Z003,17,28.94,0.6231767281602182,18.034734512956714,ColdStorage_WaterPump_1,cold_storage_water,7,202.58
Z003,18,27.33,0.6193158919362001,16.925903326616346,ColdStorage_WaterPump_1,cold_storage_water,7,191.31
Z003,19,24.39,0.62406611878969,15.22097263728054,ColdStorage_WaterPump_1,cold_storage_water,7,170.73000000000002
Z003,20,27.32,0.7434156925256818,20.310116719801627,ColdStorage_WaterPump_1,cold_storage_water,7,191.24
Z003,21,27.99,0.7596420145655965,21.262379987691045,ColdStorage_WaterPump_1,cold_storage_water,7,195.92999999999998
Z003,22,20.86,0.7974670658682635,16.635162994011978,ColdStorage_WaterPump_1,cold_storage_water,7,146.01999999999998
Z003,23,21.74,0.7967130995676938,17.32054278460166,ColdStorage_WaterPump_1,cold_storage_water,7,152.17999999999998
Z003,24,19.99,0.7210853258321613,14.414495663384905,ColdStorage_WaterPump_1,cold_storage_water,7,139.92999999999998
Z003,25,19.17,0.7281435720988426,13.958512277134814,ColdStorage_WaterPump_1,cold_storage_water,7,134.19
Z003,26,18,0.7347820984273532,13.226077771692358,ColdStorage_WaterPump_1,cold_storage_water,7,126
Z003,27,17.88,0.7290462316951621,13.035346622709499,ColdStorage_WaterPump_1,cold_storage_water,7,125.16
Z003,28,18.07,0,0,ColdStorage_WaterPump_1,cold_storage_water,7,126.49000000000001
Z003,29,20.15,0,0,ColdStorage_WaterPump_1,cold_storage_water,7,141.04999999999998
Z003,30,20.48,0,0,ColdStorage_WaterPump_1,cold_storage_water,7,143.36
Z003,31,17.56,0,0,ColdStorage_WaterPump_1,cold_storage_water,7,122.91999999999999
Z003,32,17.13,0.6898721608539159,11.817510115427579,ColdStorage_WaterPump_1,cold_storage_water,7,119.91
Z003,33,21.06,0.6883473389355742,14.496594957983191,ColdStorage_WaterPump_1,cold_storage_water,7,147.42
Z003,34,17.07,0.6884305162102613,11.751508911709161,ColdStorage_WaterPump_1,cold_storage_water,7,119.49000000000001
Z003,35,17.82,0.689311064718163,12.283523173277663,ColdStorage_WaterPump_1,cold_storage_water,7,124.74000000000001
Z003,36,20.51,0.6341853790308967,13.00714212392369,ColdStorage_WaterPump_1,cold_storage_water,7,143.57000000000002
Z003,37,23.13,0.6271002024291499,14.504827682186235,ColdStorage_WaterPump_1,cold_storage_water,7,161.91
Z003,38,25.85,0.6259676864902028,16.181264695771745,ColdStorage_WaterPump_1,cold_storage_water,7,180.95000000000002
Z003,39,26.51,0.6200573892963869,16.437721390247216,ColdStorage_WaterPump_1,cold_storage_water,7,185.57000000000002
Z003,40,24.55,0.7539786604962078,18.510176115181903,ColdStorage_WaterPump_1,cold_storage_water,7,171.85
Z003,41,26.69,0.7636275731660149,20.381219927800938,ColdStorage_WaterPump_1,cold_storage_water,7,186.83
Z003,42,26.29,0.7464056509418237,19.623004563260544,ColdStorage_WaterPump_1,cold_storage_water,7,184.03
Z003,43,28.82,0.7412716810862277,21.36344984890508,ColdStorage_WaterPump_1,cold_storage_water,7,201.74
Z003,44,25.88,0.6811800100284139,17.62893865953535,ColdStorage_WaterPump_1,cold_storage_water,7,181.16
Z003,45,23.83,0.6980552712384852,16.634657113613102,ColdStorage_WaterPump_1,cold_storage_water,7,166.81
Z003,46,22.82,0.6961896451425248,15.887047702152415,ColdStorage_WaterPump_1,cold_storage_water,7,159.74
Z003,47,24.43,0.6903706859821049,16.865755858542823,ColdStorage_WaterPump_1,cold_storage_water,7,171.01
Z004,0,29.08,0.8784550283604935,25.54547222472315,ColdStorage_WaterPump_2,cold_storage_water,7,203.56
Z004,1,23.68,0.8751701314440199,20.72402871259439,ColdStorage_WaterPump_2,cold_storage_water,7,165.76
Z004,2,25.71,0.8933954582466299,22.969197231520855,ColdStorage_WaterPump_2,cold_storage_water,7,179.97
Z004,3,26.63,0.8659060342508743,23.059077692100782,ColdStorage_WaterPump_2,cold_storage_water,7,186.41
Z004,4,28.53,0.7255405314947453,20.699671363545082,ColdStorage_WaterPump_2,cold_storage_water,7,199.71
Z004,5,25.01,0.7147758152173914,17.87654313858696,ColdStorage_WaterPump_2,cold_storage_water,7,175.07000000000002
Z004,6,27.7,0.7010365724005955,19.418713055496493,ColdStorage_WaterPump_2,cold_storage_water,7,193.9
Z004,7,27.9,0.7061620912667902,19.701922346343444,ColdStorage_WaterPump_2,cold_storage_water,7,195.29999999999998
Z004,8,25.52,0.6555531640120534,16.729716745587602,ColdStorage_WaterPump_2,cold_storage_water,7,178.64
Z004,9,26.33,0.6528769424611509,17.190249895002104,ColdStorage_WaterPump_2,cold_storage_water,7,184.31
Z004,10,29.46,0.6486106052880765,19.108068431786734,ColdStorage_WaterPump_2,cold_storage_water,7,206.22
Z004,11,29.9,0.6590038036587574,19.704213729396848,ColdStorage_WaterPump_2,cold_storage_water,7,209.29999999999998
Z004,12,31.6,0,0,ColdStorage_WaterPump_2,cold_storage_water,7,221.20000000000002
Z004,13,33.67,0,0,ColdStorage_WaterPump_2,cold_storage_water,7,235.69
Z004,14,38.21,0,0,ColdStorage_WaterPump_2,cold_storage_water,7,267.47
Z004,15,37.73,0,0,ColdStorage_WaterPump_2,cold_storage_water,7,264.10999999999996
Z004,16,37.83,0.6208608925711899,23.487167565968115,ColdStorage_WaterPump_2,cold_storage_water,7,264.81
Z004,17,36.08,0.6231767281602182,22.48421635202067,ColdStorage_WaterPump_2,cold_storage_water,7,252.56
Z004,18,38.06,0.6193158919362001,23.571162847091777,ColdStorage_WaterPump_2,cold_storage_water,7,266.42
Z004,19,37.86,0.62406611878969,23.62714325737766,ColdStorage_WaterPump_2,cold_storage_water,7,265.02
Z004,20,44.38,0.7434156925256818,32.992788434289764,ColdStorage_WaterPump_2,cold_storage_water,7,310.66
Z004,21,37.61,0.7596420145655965,28.570136167812084,ColdStorage_WaterPump_2,cold_storage_water,7,263.27
Z004,22,38.49,0.7974670658682635,30.694507365269466,ColdStorage_WaterPump_2,cold_storage_water,7,269.43
Z004,23,35.63,0.7967130995676938,28.38688773759693,ColdStorage_WaterPump_2,cold_storage_water,7,249.41000000000003
Z004,24,29.72,0.7210853258321613,21.430655883731834,ColdStorage_WaterPump_2,cold_storage_water,7,208.04
Z004,25,29,0.7281435720988426,21.116163590866435,ColdStorage_WaterPump_2,cold_storage_water,7,203
Z004,26,23.15,0.7347820984273532,17.010205578593226,ColdStorage_WaterPump_2,cold_storage_water,7,162.04999999999998
Z004,27,26.78,0.7290462316951621,19.523858084796444,ColdStorage_WaterPump_2,cold_storage_water,7,187.46
Z004,28,28,0.6440061604224291,18.032172491828014,ColdStorage_WaterPump_2,cold_storage_water,7,196
Z004,29,22.8,0.6543257639472947,14.91862741799832,ColdStorage_WaterPump_2,cold_storage_water,7,159.6
Z004,30,24.78,0.6582113381803892,16.310476960110044,ColdStorage_WaterPump_2,cold_storage_water,7,173.46
Z004,31,28.32,0.6508767881864328,18.43283064143978,ColdStorage_WaterPump_2,cold_storage_water,7,198.24
Z004,32,26.22,0,0,ColdStorage_WaterPump_2,cold_storage_water,7,183.54
Z004,33,24.88,0,0,ColdStorage_WaterPump_2,cold_storage_water,7,174.16
Z004,34,26.04,0,0,ColdStorage_WaterPump_2,cold_storage_water,7,182.28
Z004,35,26.22,0,0,ColdStorage_WaterPump_2,cold_storage_water,7,183.54
Z004,36,31.36,0.6341853790308967,19.888053486408918,ColdStorage_WaterPump_2,cold_storage_water,7,219.51999999999998
Z004,37,33.91,0.6271002024291499,21.26496786437247,ColdStorage_WaterPump_2,cold_storage_water,7,237.36999999999998
Z004,38,35.16,0.6259676864902028,22.00902385699553,ColdStorage_WaterPump_2,cold_storage_water,7,246.11999999999998
Z004,39,36.53,0.6200573892963869,22.650696430997012,ColdStorage_WaterPump_2,cold_storage_water,7,255.71
Z004,40,37.92,0.7539786604962078,28.5908708060162,ColdStorage_WaterPump_2,cold_storage_water,7,265.44
Z004,41,41.07,0.7636275731660149,31.362184429928234,ColdStorage_WaterPump_2,cold_storage_water,7,287.49
Z004,42,38.84,0.7464056509418237,28.990395482580432,ColdStorage_WaterPump_2,cold_storage_water,7,271.88
Z004,43,39.51,0.7412716810862277,29.28764411971685,ColdStorage_WaterPump_2,cold_storage_water,7,276.57
Z004,44,37.7,0.6811800100284139,25.680486378071205,ColdStorage_WaterPump_2,cold_storage_water,7,263.90000000000003
Z004,45,35.1,0.6980552712384852,24.50174002047083,ColdStorage_WaterPump_2,cold_storage_water,7,245.70000000000002
Z004,46,34.24,0.6961896451425248,23.837533449680052,ColdStorage_WaterPump_2,cold_storage_water,7,239.68
Z004,47,34.3,0.6903706859821049,23.679714529186196,ColdStorage_WaterPump_2,cold_storage_water,7,240.09999999999997
Z005,0,1.08,0.8784550283604935,0.9487314306293331,School_Institution_1,school_institutional,5,0
Z005,1,1.02,0.8751701314440199,0.8926735340729003,School_Institution_1,school_institutional,5,0
Z005,2,0.97,0.8933954582466299,0.866593594499231,School_Institution_1,school_institutional,5,0
Z005,3,1.72,0.8659060342508743,1.4893583789115037,School_Institution_1,school_institutional,5,0
Z005,4,2.85,0.7255405314947453,2.067790514760024,School_Institution_1,school_institutional,5,0
Z005,5,4.56,0.7147758152173914,3.2593777173913048,School_Institution_1,school_institutional,5,0
Z005,6,6.85,0.7010365724005955,4.802100520944078,School_Institution_1,school_institutional,5,0
Z005,7,10.02,0.7061620912667902,7.075744154493237,School_Institution_1,school_institutional,5,0
Z005,8,13.29,0.6555531640120534,8.71230154972019,School_Institution_1,school_institutional,5,0
Z005,9,17.19,0.6528769424611509,11.222954640907185,School_Institution_1,school_institutional,5,0
Z005,10,20.05,0.6486106052880765,13.004642636025933,School_Institution_1,school_institutional,5,0
Z005,11,22.53,0.6590038036587574,14.847355696431805,School_Institution_1,school_institutional,5,0
Z005,12,22.57,0.6943208065994501,15.670820604949588,School_Institution_1,school_institutional,5,0
Z005,13,20.44,0.6936556765951287,14.178322029604432,School_Institution_1,school_institutional,5,0
Z005,14,18.93,0.7119654885340195,13.47750669794899,School_Institution_1,school_institutional,5,0
Z005,15,16.73,0.7130024107813303,11.928530332371656,School_Institution_1,school_institutional,5,0
Z005,16,12.81,0,0,School_Institution_1,school_institutional,5,0
Z005,17,10.18,0,0,School_Institution_1,school_institutional,5,0
Z005,18,7.47,0,0,School_Institution_1,school_institutional,5,0
Z005,19,4.43,0,0,School_Institution_1,school_institutional,5,0
Z005,20,2.6,0.7434156925256818,1.9328808005667728,School_Institution_1,school_institutional,5,0
Z005,21,1.84,0.7596420145655965,1.3977413068006976,School_Institution_1,school_institutional,5,0
Z005,22,1.08,0.7974670658682635,0.8612644311377247,School_Institution_1,school_institutional,5,0
Z005,23,1.12,0.7967130995676938,0.8923186715158171,School_Institution_1,school_institutional,5,0
Z005,24,0.99,0.7210853258321613,0.7138744725738397,School_Institution_1,school_institutional,5,0
Z005,25,1.19,0.7281435720988426,0.8664908507976227,School_Institution_1,school_institutional,5,0
Z005,26,1.12,0.7347820984273532,0.8229559502386357,School_Institution_1,school_institutional,5,0
Z005,27,1.7,0.7290462316951621,1.2393785938817756,School_Institution_1,school_institutional,5,0
Z005,28,2.85,0.6440061604224291,1.8354175572039229,School_Institution_1,school_institutional,5,0
Z005,29,4.69,0.6543257639472947,3.0687878329128124,School_Institution_1,school_institutional,5,0
Z005,30,6.92,0.6582113381803892,4.554822460208293,School_Institution_1,school_institutional,5,0
Z005,31,9.69,0.6508767881864328,6.3069960775265335,School_Institution_1,school_institutional,5,0
Z005,32,12.18,0.6898721608539159,8.402642919200696,School_Institution_1,school_institutional,5,0
Z005,33,17.48,0.6883473389355742,12.032311484593837,School_Institution_1,school_institutional,5,0
Z005,34,18.95,0.6884305162102613,13.045758282184451,School_Institution_1,school_institutional,5,0
Z005,35,20.96,0.689311064718163,14.447959916492696,School_Institution_1,school_institutional,5,0
Z005,36,21.64,0,0,School_Institution_1,school_institutional,5,0
Z005,37,17.91,0,0,School_Institution_1,school_institutional,5,0
Z005,38,19.6,0,0,School_Institution_1,school_institutional,5,0
Z005,39,15.93,0,0,School_Institution_1,school_institutional,5,0
Z005,40,12.83,0.7539786604962078,9.673546214166345,School_Institution_1,school_institutional,5,0
Z005,41,9.9,0.7636275731660149,7.559912974343548,School_Institution_1,school_institutional,5,0
Z005,42,6.58,0.7464056509418237,4.9113491831972,School_Institution_1,school_institutional,5,0
Z005,43,4.89,0.7412716810862277,3.6248185205116528,School_Institution_1,school_institutional,5,0
Z005,44,2.79,0.6811800100284139,1.9004922279792749,School_Institution_1,school_institutional,5,0
Z005,45,1.62,0.6980552712384852,1.130849539406346,School_Institution_1,school_institutional,5,0
Z005,46,1.02,0.6961896451425248,0.7101134380453753,School_Institution_1,school_institutional,5,0
Z005,47,1.09,0.6903706859821049,0.7525040477204944,School_Institution_1,school_institutional,5,0
Z006,0,1.09,0,0,School_Institution_2,school_institutional,5,5.45
Z006,1,1.01,0,0,School_Institution_2,school_institutional,5,5.05
Z006,2,0.95,0,0,School_Institution_2,school_institutional,5,4.75
Z006,3,1.77,0,0,School_Institution_2,school_institutional,5,8.85
Z006,4,2.65,0.7255405314947453,1.922682408461075,School_Institution_2,school_institutional,5,13.25
Z006,5,4.84,0.7147758152173914,3.4595149456521743,School_Institution_2,school_institutional,5,24.2
Z006,6,6.76,0.7010365724005955,4.739007229428025,School_Institution_2,school_institutional,5,33.8
Z006,7,9.16,0.7061620912667902,6.468444756003798,School_Institution_2,school_institutional,5,45.8
Z006,8,12.18,0.6555531640120534,7.984637537666811,School_Institution_2,school_institutional,5,60.9
Z006,9,16.2,0.6528769424611509,10.576606467870644,School_Institution_2,school_institutional,5,81
Z006,10,19.42,0.6486106052880765,12.596017954694446,School_Institution_2,school_institutional,5,97.10000000000001
Z006,11,20,0.6590038036587574,13.18007607317515,School_Institution_2,school_institutional,5,100
Z006,12,22.07,0.6943208065994501,15.323660201649863,School_Institution_2,school_institutional,5,110.35
Z006,13,22.78,0.6936556765951287,15.801476312837034,School_Institution_2,school_institutional,5,113.9
Z006,14,18.2,0.7119654885340195,12.957771891319155,School_Institution_2,school_institutional,5,91
Z006,15,14.68,0.7130024107813303,10.466875390269928,School_Institution_2,school_institutional,5,73.4
Z006,16,11.87,0.6208608925711899,7.369618794820024,School_Institution_2,school_institutional,5,59.349999999999994
Z006,17,8.76,0.6231767281602182,5.459028138683511,School_Institution_2,school_institutional,5,43.8
Z006,18,6.52,0.6193158919362001,4.037939615424024,School_Institution_2,school_institutional,5,32.599999999999994
Z006,19,4.32,0.62406611878969,2.6959656331714608,School_Institution_2,school_institutional,5,21.6
Z006,20,2.6,0,0,School_Institution_2,school_institutional,5,13
Z006,21,1.71,0,0,School_Institution_2,school_institutional,5,8.55
Z006,22,0.88,0,0,School_Institution_2,school_institutional,5,4.4
Z006,23,0.96,0,0,School_Institution_2,school_institutional,5,4.8
Z006,24,1.17,0.7210853258321613,0.8436698312236287,School_Institution_2,school_institutional,5,5.85
Z006,25,1.11,0.7281435720988426,0.8082393650297154,School_Institution_2,school_institutional,5,5.550000000000001
Z006,26,1.08,0.7347820984273532,0.7935646663015415,School_Institution_2,school_institutional,5,5.4
Z006,27,1.71,0.7290462316951621,1.2466690561987273,School_Institution_2,school_institutional,5,8.55
Z006,28,3.13,0.6440061604224291,2.015739282122203,School_Institution_2,school_institutional,5,15.649999999999999
Z006,29,4.66,0.6543257639472947,3.0491580599943933,School_Institution_2,school_institutional,5,23.3
Z006,30,6.81,0.6582113381803892,4.48241921300845,School_Institution_2,school_institutional,5,34.05
Z006,31,8.86,0.6508767881864328,5.766768343331794,School_Institution_2,school_institutional,5,44.3
Z006,32,12.61,0.6898721608539159,8.699287948367878,School_Institution_2,school_institutional,5,63.05
Z006,33,15.07,0.6883473389355742,10.373394397759103,School_Institution_2,school_institutional,5,75.35
Z006,34,17.65,0.6884305162102613,12.15079861111111,School_Institution_2,school_institutional,5,88.25
Z006,35,19.38,0.689311064718163,13.358848434237997,School_Institution_2,school_institutional,5,96.89999999999999
Z006,36,20.83,0.6341853790308967,13.210081445213577,School_Institution_2,school_institutional,5,104.14999999999999
Z006,37,19.84,0.6271002024291499,12.441668016194333,School_Institution_2,school_institutional,5,99.2
Z006,38,19.4,0.6259676864902028,12.143773117909934,School_Institution_2,school_institutional,5,97
Z006,39,14.51,0.6200573892963869,8.997032718690573,School_Institution_2,school_institutional,5,72.55
Z006,40,12.54,0,0,School_Institution_2,school_institutional,5,62.699999999999996
Z006,41,10.63,0,0,School_Institution_2,school_institutional,5,53.150000000000006
Z006,42,6.8,0,0,School_Institution_2,school_institutional,5,34
Z006,43,4.84,0,0,School_Institution_2,school_institutional,5,24.2
Z006,44,3.02,0.6811800100284139,2.05716363028581,School_Institution_2,school_institutional,5,15.1
Z006,45,1.79,0.6980552712384852,1.2495189355168885,School_Institution_2,school_institutional,5,8.95
Z006,46,1.09,0.6961896451425248,0.7588467132053521,School_Institution_2,school_institutional,5,5.45
Z006,47,0.96,0.6903706859821049,0.6627558585428207,School_Institution_2,school_institutional,5,4.8
Z007,0,1.24,0.8784550283604935,1.089284235167012,School_Institution_3,school_institutional,5,6.2
Z007,1,1.23,0.8751701314440199,1.0764592616761444,School_Institution_3,school_institutional,5,6.15
Z007,2,1.14,0.8933954582466299,1.018470822401158,School_Institution_3,school_institutional,5,5.699999999999999
Z007,3,1.95,0.8659060342508743,1.688516766789205,School_Institution_3,school_institutional,5,9.75
Z007,4,3.15,0,0,School_Institution_3,school_institutional,5,15.75
Z007,5,4.9,0,0,School_Institution_3,school_institutional,5,24.5
Z007,6,8.27,0,0,School_Institution_3,school_institutional,5,41.349999999999994
Z007,7,11.48,0,0,School_Institution_3,school_institutional,5,57.400000000000006
Z007,8,14.62,0.6555531640120534,9.58418725785622,School_Institution_3,school_institutional,5,73.1
Z007,9,17.9,0.6528769424611509,11.6864972700546,School_Institution_3,school_institutional,5,89.5
Z007,10,21.47,0.6486106052880765,13.925669695535001,School_Institution_3,school_institutional,5,107.35
Z007,11,23.8,0.6590038036587574,15.684290527078428,School_Institution_3,school_institutional,5,119
Z007,12,24.53,0.6943208065994501,17.031689385884512,School_Institution_3,school_institutional,5,122.65
Z007,13,24.3,0.6936556765951287,16.855832941261628,School_Institution_3,school_institutional,5,121.5
Z007,14,21.62,0.7119654885340195,15.392693862105503,School_Institution_3,school_institutional,5,108.10000000000001
Z007,15,19.43,0.7130024107813303,13.853636841481247,School_Institution_3,school_institutional,5,97.15
Z007,16,15.73,0.6208608925711899,9.766141840144817,School_Institution_3,school_institutional,5,78.65
Z007,17,11.76,0.6231767281602182,7.328558323164166,School_Institution_3,school_institutional,5,58.8
Z007,18,7.84,0.6193158919362001,4.855436592779808,School_Institution_3,school_institutional,5,39.2
Z007,19,5.24,0.62406611878969,3.2701064624579756,School_Institution_3,school_institutional,5,26.200000000000003
Z007,20,3.49,0.7434156925256818,2.5945207669146297,School_Institution_3,school_institutional,5,17.450000000000003
Z007,21,1.98,0.7596420145655965,1.5040911888398811,School_Institution_3,school_institutional,5,9.9
Z007,22,1.25,0.7974670658682635,0.9968338323353294,School_Institution_3,school_institutional,5,6.25
Z007,23,1.07,0.7967130995676938,0.8524830165374324,School_Institution_3,school_institutional,5,5.3500000000000005
Z007,24,1.05,0,0,School_Institution_3,school_institutional,5,5.25
Z007,25,1.28,0,0,School_Institution_3,school_institutional,5,6.4
Z007,26,1.28,0,0,School_Institution_3,school_institutional,5,6.4
Z007,27,2.17,0,0,School_Institution_3,school_institutional,5,10.85
Z007,28,3.55,0.6440061604224291,2.2862218694996232,School_Institution_3,school_institutional,5,17.75
Z007,29,5.51,0.6543257639472947,3.6053349593495936,School_Institution_3,school_institutional,5,27.549999999999997
Z007,30,8.17,0.6582113381803892,5.37758663293378,School_Institution_3,school_institutional,5,40.85
Z007,31,10.53,0.6508767881864328,6.853732579603137,School_Institution_3,school_institutional,5,52.65
Z007,32,16.06,0.6898721608539159,11.079346903313889,School_Institution_3,school_institutional,5,80.3
Z007,33,18.3,0.6883473389355742,12.596756302521008,School_Institution_3,school_institutional,5,91.5
Z007,34,22.86,0.6884305162102613,15.737521600566573,School_Institution_3,school_institutional,5,114.3
Z007,35,24.67,0.689311064718163,17.00530396659708,School_Institution_3,school_institutional,5,123.35000000000001
Z007,36,25.56,0.6341853790308967,16.209778288029717,School_Institution_3,school_institutional,5,127.8
Z007,37,25.68,0.6271002024291499,16.10393319838057,School_Institution_3,school_institutional,5,128.4
Z007,38,21.54,0.6259676864902028,13.48334396699897,School_Institution_3,school_institutional,5,107.69999999999999
Z007,39,18.54,0.6200573892963869,11.495863997555013,School_Institution_3,school_institutional,5,92.69999999999999
Z007,40,14.47,0.7539786604962078,10.910071217380127,School_Institution_3,school_institutional,5,72.35000000000001
Z007,41,11.25,0.7636275731660149,8.590810198117667,School_Institution_3,school_institutional,5,56.25
Z007,42,8.98,0.7464056509418237,6.702722745457577,School_Institution_3,school_institutional,5,44.900000000000006
Z007,43,5.32,0.7412716810862277,3.943565343378731,School_Institution_3,school_institutional,5,26.6
Z007,44,3.65,0,0,School_Institution_3,school_institutional,5,18.25
Z007,45,2.1,0,0,School_Institution_3,school_institutional,5,10.5
Z007,46,1.31,0,0,School_Institution_3,school_institutional,5,6.550000000000001
Z007,47,1.32,0,0,School_Institution_3,school_institutional,5,6.6000000000000005
Z008,0,0.9,0.8784550283604935,0.7906095255244442,School_Institution_4,school_institutional,5,0
Z008,1,0.97,0.8751701314440199,0.8489150275006992,School_Institution_4,school_institutional,5,0
Z008,2,1.04,0.8933954582466299,0.9291312765764952,School_Institution_4,school_institutional,5,0
Z008,3,1.45,0.8659060342508743,1.2555637496637677,School_Institution_4,school_institutional,5,0
Z008,4,2.57,0.7255405314947453,1.8646391659414954,School_Institution_4,school_institutional,5,0
Z008,5,3.95,0.7147758152173914,2.823364470108696,School_Institution_4,school_institutional,5,0
Z008,6,6.31,0.7010365724005955,4.423540771847757,School_Institution_4,school_institutional,5,5.249999999999999
Z008,7,8.17,0.7061620912667902,5.769344285649676,School_Institution_4,school_institutional,5,14.55
Z008,8,12.68,0,0,School_Institution_4,school_institutional,5,37.1
Z008,9,14.07,0,0,School_Institution_4,school_institutional,5,44.050000000000004
Z008,10,15.27,0,0,School_Institution_4,school_institutional,5,50.05
Z008,11,20.47,0,0,School_Institution_4,school_institutional,5,76.05
Z008,12,20.18,0.6943208065994501,14.011393877176902,School_Institution_4,school_institutional,5,74.6
Z008,13,19.06,0.6936556765951287,13.221077195903153,School_Institution_4,school_institutional,5,69
Z008,14,17.37,0.7119654885340195,12.36684053583592,School_Institution_4,school_institutional,5,60.550000000000004
Z008,15,14.09,0.7130024107813303,10.046203967908944,School_Institution_4,school_institutional,5,44.15
Z008,16,11.41,0.6208608925711899,7.084022784237277,School_Institution_4,school_institutional,5,30.75
Z008,17,9.11,0.6231767281602182,5.677139993539587,School_Institution_4,school_institutional,5,19.25
Z008,18,6.53,0.6193158919362001,4.044132774343387,School_Institution_4,school_institutional,5,6.350000000000002
Z008,19,4.36,0.62406611878969,2.7209282779230484,School_Institution_4,school_institutional,5,0
Z008,20,2.61,0.7434156925256818,1.9403149574920295,School_Institution_4,school_institutional,5,0
Z008,21,1.47,0.7596420145655965,1.1166737614114268,School_Institution_4,school_institutional,5,0
Z008,22,0.94,0.7974670658682635,0.7496190419161677,School_Institution_4,school_institutional,5,0
Z008,23,1.02,0.7967130995676938,0.8126473615590476,School_Institution_4,school_institutional,5,0
Z008,24,1.04,0.7210853258321613,0.7499287388654479,School_Institution_4,school_institutional,5,0
Z008,25,0.93,0.7281435720988426,0.6771735220519237,School_Institution_4,school_institutional,5,0
Z008,26,0.93,0.7347820984273532,0.6833473515374385,School_Institution_4,school_institutional,5,0
Z008,27,1.63,0.7290462316951621,1.1883453576631142,School_Institution_4,school_institutional,5,0
Z008,28,2.69,0,0,School_Institution_4,school_institutional,5,0
Z008,29,4.3,0,0,School_Institution_4,school_institutional,5,0
Z008,30,5.7,0,0,School_Institution_4,school_institutional,5,2.200000000000002
Z008,31,8.54,0,0,School_Institution_4,school_institutional,5,16.4
Z008,32,11.21,0.6898721608539159,7.733466923172398,School_Institution_4,school_institutional,5,29.750000000000007
Z008,33,14.58,0.6883473389355742,10.036104201680672,School_Institution_4,school_institutional,5,46.6
Z008,34,15.13,0.6884305162102613,10.415953710261254,School_Institution_4,school_institutional,5,49.35000000000001
Z008,35,19.9,0.689311064718163,13.717290187891441,School_Institution_4,school_institutional,5,73.19999999999999
Z008,36,19.42,0.6341853790308967,12.315880060780014,School_Institution_4,school_institutional,5,70.80000000000001
Z008,37,18.97,0.6271002024291499,11.896090840080973,School_Institution_4,school_institutional,5,68.55
Z008,38,15.63,0.6259676864902028,9.783874939841871,School_Institution_4,school_institutional,5,51.85000000000001
Z008,39,14.37,0.6200573892963869,8.910224684189078,School_Institution_4,school_institutional,5,45.55
Z008,40,12.49,0.7539786604962078,9.417193469597635,School_Institution_4,school_institutional,5,36.150000000000006
Z008,41,7.91,0.7636275731660149,6.040294103743178,School_Institution_4,school_institutional,5,13.250000000000002
Z008,42,6.31,0.7464056509418237,4.709819657442907,School_Institution_4,school_institutional,5,5.249999999999999
Z008,43,4.3,0.7412716810862277,3.1874682286707787,School_Institution_4,school_institutional,5,0
Z008,44,2.47,0.6811800100284139,1.6825146247701823,School_Institution_4,school_institutional,5,0
Z008,45,1.59,0.6980552712384852,1.1099078812691916,School_Institution_4,school_institutional,5,0
Z008,46,0.93,0.6961896451425248,0.6474563699825481,School_Institution_4,school_institutional,5,0
Z008,47,1.02,0.6903706859821049,0.704178099701747,School_Institution_4,school_institutional,5,0
Z009,0,3.66,0.8784550283604935,3.2151454037994065,Commercial_1,commercial,3,0
Z009,1,3.94,0.8751701314440199,3.4481703178894385,Commercial_1,commercial,3,0
Z009,2,4.95,0.8933954582466299,4.422307518320818,Commercial_1,commercial,3,0
Z009,3,5.47,0.8659060342508743,4.736506007352283,Commercial_1,commercial,3,0
Z009,4,6.8,0.7255405314947453,4.933675614164268,Commercial_1,commercial,3,0
Z009,5,7.18,0.7147758152173914,5.13209035326087,Commercial_1,commercial,3,0.8999999999999995
Z009,6,9.12,0.7010365724005955,6.3934535402934305,Commercial_1,commercial,3,6.719999999999998
Z009,7,12.06,0.7061620912667902,8.51631482067749,Commercial_1,commercial,3,15.540000000000003
Z009,8,14.3,0.6555531640120534,9.374410245372365,Commercial_1,commercial,3,22.26
Z009,9,15.49,0.6528769424611509,10.113063838723228,Commercial_1,commercial,3,25.83
Z009,10,17.99,0.6486106052880765,11.668504789132495,Commercial_1,commercial,3,33.33
Z009,11,17.15,0.6590038036587574,11.301915232747689,Commercial_1,commercial,3,30.81
Z009,12,19.06,0,0,Commercial_1,commercial,3,36.54
Z009,13,17.49,0,0,Commercial_1,commercial,3,31.83
Z009,14,18.81,0,0,Commercial_1,commercial,3,35.79
Z009,15,17.6,0,0,Commercial_1,commercial,3,32.16000000000001
Z009,16,17.41,0.6208608925711899,10.809188139664416,Commercial_1,commercial,3,31.590000000000003
Z009,17,18.31,0.6231767281602182,11.410365892613594,Commercial_1,commercial,3,34.29
Z009,18,20.06,0.6193158919362001,12.423476792240173,Commercial_1,commercial,3,39.54
Z009,19,16.02,0.62406611878969,9.997539223010833,Commercial_1,commercial,3,27.42
Z009,20,14.37,0.7434156925256818,10.682883501594048,Commercial_1,commercial,3,22.47
Z009,21,12.74,0.7596420145655965,9.6778392655657,Commercial_1,commercial,3,17.580000000000002
Z009,22,8.73,0.7974670658682635,6.9618874850299415,Commercial_1,commercial,3,5.550000000000002
Z009,23,7.17,0.7967130995676938,5.712432923900364,Commercial_1,commercial,3,0.8700000000000001
Z009,24,3.6,0.7210853258321613,2.5959071729957808,Commercial_1,commercial,3,0
Z009,25,3.91,0.7281435720988426,2.847041366906475,Commercial_1,commercial,3,0
Z009,26,4.52,0.7347820984273532,3.321215084891636,Commercial_1,commercial,3,0
Z009,27,5.75,0.7290462316951621,4.192015832247182,Commercial_1,commercial,3,0
Z009,28,6.55,0.6440061604224291,4.21824035076691,Commercial_1,commercial,3,0
Z009,29,7.98,0.6543257639472947,5.221519596299412,Commercial_1,commercial,3,3.3000000000000016
Z009,30,9.63,0.6582113381803892,6.338575186677149,Commercial_1,commercial,3,8.250000000000004
Z009,31,10.41,0.6508767881864328,6.775627365020766,Commercial_1,commercial,3,10.59
Z009,32,12.85,0,0,Commercial_1,commercial,3,17.91
Z009,33,16.93,0,0,Commercial_1,commercial,3,30.150000000000002
Z009,34,18.04,0,0,Commercial_1,commercial,3,33.480000000000004
Z009,35,18.87,0,0,Commercial_1,commercial,3,35.970000000000006
Z009,36,19.54,0.6341853790308967,12.39198230626372,Commercial_1,commercial,3,37.980000000000004
Z009,37,18.17,0.6271002024291499,11.394410678137655,Commercial_1,commercial,3,33.870000000000005
Z009,38,18.81,0.6259676864902028,11.774452182880715,Commercial_1,commercial,3,35.79
Z009,39,17.15,0.6200573892963869,10.633984226433034,Commercial_1,commercial,3,30.81
Z009,40,18.53,0.7539786604962078,13.97122457899473,Commercial_1,commercial,3,34.95
Z009,41,17.47,0.7636275731660149,13.34057370321028,Commercial_1,commercial,3,31.77
Z009,42,17.86,0.7464056509418237,13.33080492582097,Commercial_1,commercial,3,32.94
Z009,43,17.52,0.7412716810862277,12.987079852630709,Commercial_1,commercial,3,31.92
Z009,44,14.61,0.6811800100284139,9.952039946515127,Commercial_1,commercial,3,23.189999999999998
Z009,45,12.44,0.6980552712384852,8.683807574206755,Commercial_1,commercial,3,16.68
Z009,46,9.2,0.6961896451425248,6.404944735311227,Commercial_1,commercial,3,6.959999999999998
Z009,47,6.62,0.6903706859821049,4.570253941201535,Commercial_1,commercial,3,0
Z010,0,4.38,0.8784550283604935,3.8476330242189616,Commercial_2,commercial,3,13.14
Z010,1,4.05,0.8751701314440199,3.5444390323482806,Commercial_2,commercial,3,12.149999999999999
Z010,2,4.57,0.8933954582466299,4.082817244187099,Commercial_2,commercial,3,13.71
Z010,3,6.17,0.8659060342508743,5.342640231327894,Commercial_2,commercial,3,18.509999999999998
Z010,4,7.61,0.7255405314947453,5.5213634446750115,Commercial_2,commercial,3,22.830000000000002
Z010,5,9.91,0.7147758152173914,7.083428328804349,Commercial_2,commercial,3,29.73
Z010,6,11.34,0.7010365724005955,7.949754731022752,Commercial_2,commercial,3,34.019999999999996
Z010,7,13.78,0.7061620912667902,9.730913617656368,Commercial_2,commercial,3,41.339999999999996
Z010,8,14.69,0.6555531640120534,9.630075979337064,Commercial_2,commercial,3,44.07
Z010,9,18.58,0.6528769424611509,12.130453590928182,Commercial_2,commercial,3,55.739999999999995
Z010,10,20.45,0.6486106052880765,13.264086878141162,Commercial_2,commercial,3,61.349999999999994
Z010,11,19.61,0.6590038036587574,12.923064589748233,Commercial_2,commercial,3,58.83
Z010,12,20.36,0.6943208065994501,14.136371622364802,Commercial_2,commercial,3,61.08
Z010,13,21.33,0.6936556765951287,14.795675581774095,Commercial_2,commercial,3,63.989999999999995
Z010,14,21.44,0.7119654885340195,15.26454007416938,Commercial_2,commercial,3,64.32000000000001
Z010,15,17.07,0.7130024107813303,12.170951152037308,Commercial_2,commercial,3,51.21
Z010,16,20.79,0,0,Commercial_2,commercial,3,62.37
Z010,17,21.15,0,0,Commercial_2,commercial,3,63.449999999999996
Z010,18,20.47,0,0,Commercial_2,commercial,3,61.41
Z010,19,19.81,0,0,Commercial_2,commercial,3,59.42999999999999
Z010,20,17.51,0.7434156925256818,13.01720877612469,Commercial_2,commercial,3,52.53
Z010,21,12.86,0.7596420145655965,9.768996307313571,Commercial_2,commercial,3,38.58
Z010,22,10.5,0.7974670658682635,8.373404191616768,Commercial_2,commercial,3,31.5
Z010,23,7.3,0.7967130995676938,5.816005626844165,Commercial_2,commercial,3,21.9
Z010,24,3.83,0.7210853258321613,2.7617567979371778,Commercial_2,commercial,3,11.49
Z010,25,4.5,0.7281435720988426,3.2766460744447916,Commercial_2,commercial,3,13.5
Z010,26,5.51,0.7347820984273532,4.048649362334716,Commercial_2,commercial,3,16.53
Z010,27,5.43,0.7290462316951621,3.95872103810473,Commercial_2,commercial,3,16.29
Z010,28,6.49,0.6440061604224291,4.179599981141565,Commercial_2,commercial,3,19.47
Z010,29,7.97,0.6543257639472947,5.214976338659938,Commercial_2,commercial,3,23.91
Z010,30,12.14,0.6582113381803892,7.9906856455099255,Commercial_2,commercial,3,36.42
Z010,31,12.93,0.6508767881864328,8.415836871250576,Commercial_2,commercial,3,38.79
Z010,32,15.46,0.6898721608539159,10.665423606801541,Commercial_2,commercial,3,46.38
Z010,33,16.93,0.6883473389355742,11.653720448179271,Commercial_2,commercial,3,50.79
Z010,34,18.54,0.6884305162102613,12.763501770538245,Commercial_2,commercial,3,55.62
Z010,35,18.39,0.689311064718163,12.676430480167017,Commercial_2,commercial,3,55.17
Z010,36,21.74,0,0,Commercial_2,commercial,3,65.22
Z010,37,21.81,0,0,Commercial_2,commercial,3,65.42999999999999
Z010,38,18.58,0,0,Commercial_2,commercial,3,55.739999999999995
Z010,39,19.43,0,0,Commercial_2,commercial,3,58.29
Z010,40,19.77,0.7539786604962078,14.906158118010028,Commercial_2,commercial,3,59.31
Z010,41,20.83,0.7636275731660149,15.90636234904809,Commercial_2,commercial,3,62.489999999999995
Z010,42,20.99,0.7464056509418237,15.667054613268878,Commercial_2,commercial,3,62.97
Z010,43,20.82,0.7412716810862277,15.43327640021526,Commercial_2,commercial,3,62.46
Z010,44,18.44,0.6811800100284139,12.560959384923953,Commercial_2,commercial,3,55.32000000000001
Z010,45,14.57,0.6980552712384852,10.17066530194473,Commercial_2,commercial,3,43.71
Z010,46,11.06,0.6961896451425248,7.699857475276325,Commercial_2,commercial,3,33.18
Z010,47,6.89,0.6903706859821049,4.756654026416703,Commercial_2,commercial,3,20.669999999999998
Z011,0,3.5,0,0,Commercial_3,commercial,3,10.5
Z011,1,4.24,0,0,Commercial_3,commercial,3,12.72
Z011,2,4.59,0,0,Commercial_3,commercial,3,13.77
Z011,3,5.32,0,0,Commercial_3,commercial,3,15.96
Z011,4,5.67,0.7255405314947453,4.113814813575206,Commercial_3,commercial,3,17.009999999999998
Z011,5,7.02,0.7147758152173914,5.017726222826087,Commercial_3,commercial,3,21.06
Z011,6,10.11,0.7010365724005955,7.08747974697002,Commercial_3,commercial,3,30.33
Z011,7,11.96,0.7061620912667902,8.445698611550812,Commercial_3,commercial,3,35.88
Z011,8,13.61,0.6555531640120534,8.922078562204048,Commercial_3,commercial,3,40.83
Z011,9,15.48,0.6528769424611509,10.106535069298616,Commercial_3,commercial,3,46.44
Z011,10,15.73,0.6486106052880765,10.202644821181442,Commercial_3,commercial,3,47.19
Z011,11,19.11,0.6590038036587574,12.593562687918855,Commercial_3,commercial,3,57.33
Z011,12,20.41,0.6943208065994501,14.171087662694775,Commercial_3,commercial,3,61.230000000000004
Z011,13,21.06,0.6936556765951287,14.60838854909341,Commercial_3,commercial,3,63.17999999999999
Z011,14,18.88,0.7119654885340195,13.441908423522287,Commercial_3,commercial,3,56.64
Z011,15,18.29,0.7130024107813303,13.04081409319053,Commercial_3,commercial,3,54.87
Z011,16,17.27,0.6208608925711899,10.72226761470445,Commercial_3,commercial,3,51.81
Z011,17,20,0.6231767281602182,12.463534563204364,Commercial_3,commercial,3,60
Z011,18,20.36,0.6193158919362001,12.609271559821034,Commercial_3,commercial,3,61.08
Z011,19,16.77,0.62406611878969,10.465588812103102,Commercial_3,commercial,3,50.31
Z011,20,15.48,0,0,Commercial_3,commercial,3,46.44
Z011,21,12.29,0,0,Commercial_3,commercial,3,36.87
Z011,22,8.83,0,0,Commercial_3,commercial,3,26.490000000000002
Z011,23,5.62,0,0,Commercial_3,commercial,3,16.86
Z011,24,3.54,0.7210853258321613,2.5526420534458514,Commercial_3,commercial,3,10.620000000000001
Z011,25,4.12,0.7281435720988426,2.9999515170472315,Commercial_3,commercial,3,12.36
Z011,26,4.12,0.7347820984273532,3.0273022455206955,Commercial_3,commercial,3,12.36
Z011,27,5.05,0.7290462316951621,3.6816834700605687,Commercial_3,commercial,3,15.149999999999999
Z011,28,5.17,0.6440061604224291,3.3295118493839584,Commercial_3,commercial,3,15.51
Z011,29,8.51,0.6543257639472947,5.568312251191478,Commercial_3,commercial,3,25.53
Z011,30,9.98,0.6582113381803892,6.5689491550402845,Commercial_3,commercial,3,29.94
Z011,31,11.76,0.6508767881864328,7.654311029072449,Commercial_3,commercial,3,35.28
Z011,32,13.63,0.6898721608539159,9.402957552438874,Commercial_3,commercial,3,40.89
Z011,33,15.26,0.6883473389355742,10.504180392156862,Commercial_3,commercial,3,45.78
Z011,34,17.47,0.6884305162102613,12.026881118193264,Commercial_3,commercial,3,52.41
Z011,35,18.35,0.689311064718163,12.648858037578291,Commercial_3,commercial,3,55.050000000000004
Z011,36,18.93,0.6341853790308967,12.005129225054874,Commercial_3,commercial,3,56.79
Z011,37,19.14,0.6271002024291499,12.00269787449393,Commercial_3,commercial,3,57.42
Z011,38,18.97,0.6259676864902028,11.874607012719148,Commercial_3,commercial,3,56.91
Z011,39,20.23,0.6200573892963869,12.543760985465907,Commercial_3,commercial,3,60.69
Z011,40,16.88,0,0,Commercial_3,commercial,3,50.64
Z011,41,18.92,0,0,Commercial_3,commercial,3,56.760000000000005
Z011,42,17.78,0,0,Commercial_3,commercial,3,53.34
Z011,43,16.22,0,0,Commercial_3,commercial,3,48.66
Z011,44,13.06,0.6811800100284139,8.896210930971085,Commercial_3,commercial,3,39.18
Z011,45,12.67,0.6980552712384852,8.844360286591607,Commercial_3,commercial,3,38.01
Z011,46,8.6,0.6961896451425248,5.987230948225713,Commercial_3,commercial,3,25.799999999999997
Z011,47,6.31,0.6903706859821049,4.356239028547082,Commercial_3,commercial,3,18.93
Z012,0,2.99,0.8784550283604935,2.626580534797876,Commercial_4,commercial,3,8.97
Z012,1,2.98,0.8751701314440199,2.608006991703179,Commercial_4,commercial,3,8.94
Z012,2,3.63,0.8933954582466299,3.2430255134352666,Commercial_4,commercial,3,10.89
Z012,3,4.25,0.8659060342508743,3.680100645566216,Commercial_4,commercial,3,12.75
Z012,4,5.41,0,0,Commercial_4,commercial,3,16.23
Z012,5,6.72,0,0,Commercial_4,commercial,3,20.16
Z012,6,7.37,0,0,Commercial_4,commercial,3,22.11
Z012,7,9.93,0,0,Commercial_4,commercial,3,29.79
Z012,8,11.05,0.6555531640120534,7.243862462333191,Commercial_4,commercial,3,33.150000000000006
Z012,9,12.83,0.6528769424611509,8.376411171776565,Commercial_4,commercial,3,38.49
Z012,10,13.9,0.6486106052880765,9.015687413504264,Commercial_4,commercial,3,41.7
Z012,11,15.7,0.6590038036587574,10.34635971744249,Commercial_4,commercial,3,47.099999999999994
Z012,12,14.3,0.6943208065994501,9.928787534372136,Commercial_4,commercial,3,42.900000000000006
Z012,13,15.63,0.6936556765951287,10.841838225181862,Commercial_4,commercial,3,46.89
Z012,14,16.17,0.7119654885340195,11.512481949595097,Commercial_4,commercial,3,48.510000000000005
Z012,15,14.6,0.7130024107813303,10.409835197407423,Commercial_4,commercial,3,43.8
Z012,16,16.64,0.6208608925711899,10.3311252523846,Commercial_4,commercial,3,49.92
Z012,17,14.29,0.6231767281602182,8.905195445409518,Commercial_4,commercial,3,42.87
Z012,18,15.01,0.6193158919362001,9.295931537962362,Commercial_4,commercial,3,45.03
Z012,19,13.57,0.62406611878969,8.468577231976093,Commercial_4,commercial,3,40.71
Z012,20,11.76,0.7434156925256818,8.742568544102019,Commercial_4,commercial,3,35.28
Z012,21,9.15,0.7596420145655965,6.950724433275209,Commercial_4,commercial,3,27.450000000000003
Z012,22,7.1,0.7974670658682635,5.662016167664671,Commercial_4,commercial,3,21.299999999999997
Z012,23,5.29,0.7967130995676938,4.2146122967131,Commercial_4,commercial,3,15.870000000000001
Z012,24,2.77,0,0,Commercial_4,commercial,3,8.31
Z012,25,3.35,0,0,Commercial_4,commercial,3,10.05
Z012,26,3.95,0,0,Commercial_4,commercial,3,11.850000000000001
Z012,27,3.87,0,0,Commercial_4,commercial,3,11.61
Z012,28,5.42,0.6440061604224291,3.4905133894895655,Commercial_4,commercial,3,16.259999999999998
Z012,29,6.41,0.6543257639472947,4.194228146902159,Commercial_4,commercial,3,19.23
Z012,30,7.89,0.6582113381803892,5.193287458243271,Commercial_4,commercial,3,23.669999999999998
Z012,31,10.8,0.6508767881864328,7.029469312413474,Commercial_4,commercial,3,32.400000000000006
Z012,32,11.92,0.6898721608539159,8.223276157378677,Commercial_4,commercial,3,35.76
Z012,33,12.99,0.6883473389355742,8.94163193277311,Commercial_4,commercial,3,38.97
Z012,34,14.24,0.6884305162102613,9.803250550834122,Commercial_4,commercial,3,42.72
Z012,35,13.06,0.689311064718163,9.002402505219209,Commercial_4,commercial,3,39.18
Z012,36,16.14,0.6341853790308967,10.235752017558672,Commercial_4,commercial,3,48.42
Z012,37,14.7,0.6271002024291499,9.218372975708503,Commercial_4,commercial,3,44.099999999999994
Z012,38,15.27,0.6259676864902028,9.558526572705397,Commercial_4,commercial,3,45.81
Z012,39,14.95,0.6200573892963869,9.269857969980983,Commercial_4,commercial,3,44.849999999999994
Z012,40,15.7,0.7539786604962078,11.837464969790462,Commercial_4,commercial,3,47.099999999999994
Z012,41,16.78,0.7636275731660149,12.813670677725732,Commercial_4,commercial,3,50.34
Z012,42,15.71,0.7464056509418237,11.72603277629605,Commercial_4,commercial,3,47.13
Z012,43,15.05,0.7412716810862277,11.156138800347726,Commercial_4,commercial,3,45.150000000000006
Z012,44,12.05,0,0,Commercial_4,commercial,3,36.150000000000006
Z012,45,10.08,0,0,Commercial_4,commercial,3,30.240000000000002
Z012,46,7.68,0,0,Commercial_4,commercial,3,23.04
Z012,47,4.85,0,0,Commercial_4,commercial,3,14.549999999999999
Z013,0,2.94,0.8784550283604935,2.582657783379851,Commercial_5,commercial,3,0
Z013,1,2.74,0.8751701314440199,2.397966160156615,Commercial_5,commercial,3,0
Z013,2,3.01,0.8933954582466299,2.689120329322356,Commercial_5,commercial,3,0
Z013,3,4.21,0.8659060342508743,3.645464404196181,Commercial_5,commercial,3,0
Z013,4,5.23,0.7255405314947453,3.794576979717518,Commercial_5,commercial,3,0
Z013,5,5.46,0.7147758152173914,3.902675951086957,Commercial_5,commercial,3,0
Z013,6,6.73,0.7010365724005955,4.717976132256008,Commercial_5,commercial,3,3.3900000000000023
Z013,7,10.04,0.7061620912667902,7.0898673963185725,Commercial_5,commercial,3,13.319999999999999
Z013,8,10.06,0,0,Commercial_5,commercial,3,13.380000000000003
Z013,9,10.09,0,0,Commercial_5,commercial,3,13.47
Z013,10,12.2,0,0,Commercial_5,commercial,3,19.799999999999997
Z013,11,15.11,0,0,Commercial_5,commercial,3,28.53
Z013,12,14.41,0.6943208065994501,10.005162823098075,Commercial_5,commercial,3,26.43
Z013,13,14.46,0.6936556765951287,10.030261083565563,Commercial_5,commercial,3,26.580000000000005
Z013,14,14.58,0.7119654885340195,10.380456822826005,Commercial_5,commercial,3,26.94
Z013,15,13.9,0.7130024107813303,9.910733509860492,Commercial_5,commercial,3,24.900000000000002
Z013,16,13.07,0.6208608925711899,8.114651865905453,Commercial_5,commercial,3,22.410000000000004
Z013,17,12.16,0.6231767281602182,7.577829014428254,Commercial_5,commercial,3,19.68
Z013,18,13.69,0.6193158919362001,8.478434560606578,Commercial_5,commercial,3,24.27
Z013,19,11.72,0.62406611878969,7.314054912215167,Commercial_5,commercial,3,18.360000000000003
Z013,20,10.94,0.7434156925256818,8.132967676230958,Commercial_5,commercial,3,16.02
Z013,21,9.75,0.7596420145655965,7.406509642014567,Commercial_5,commercial,3,12.450000000000001
Z013,22,6.81,0.7974670658682635,5.430750718562875,Commercial_5,commercial,3,3.63
Z013,23,4.79,0.7967130995676938,3.816255746929253,Commercial_5,commercial,3,0
Z013,24,2.63,0.7210853258321613,1.8964544069385842,Commercial_5,commercial,3,0
Z013,25,2.99,0.7281435720988426,2.1771492805755397,Commercial_5,commercial,3,0
Z013,26,3.44,0.7347820984273532,2.527650418590095,Commercial_5,commercial,3,0
Z013,27,3.53,0.7290462316951621,2.5735331978839224,Commercial_5,commercial,3,0
Z013,28,4.7,0,0,Commercial_5,commercial,3,0
Z013,29,6.29,0,0,Commercial_5,commercial,3,2.070000000000001
Z013,30,7.31,0,0,Commercial_5,commercial,3,5.13
Z013,31,8.07,0,0,Commercial_5,commercial,3,7.410000000000002
Z013,32,9.59,0.6898721608539159,6.615874022589053,Commercial_5,commercial,3,11.97
Z013,33,10.04,0.6883473389355742,6.911007282913165,Commercial_5,commercial,3,13.319999999999999
Z013,34,12.06,0.6884305162102613,8.302472025495751,Commercial_5,commercial,3,19.380000000000003
Z013,35,14.79,0.689311064718163,10.19491064718163,Commercial_5,commercial,3,27.57
Z013,36,13.81,0.6341853790308967,8.758100084416684,Commercial_5,commercial,3,24.630000000000003
Z013,37,13.13,0.6271002024291499,8.233825657894739,Commercial_5,commercial,3,22.590000000000003
Z013,38,13.11,0.6259676864902028,8.206436369886559,Commercial_5,commercial,3,22.53
Z013,39,13.27,0.6200573892963869,8.228161555963053,Commercial_5,commercial,3,23.009999999999998
Z013,40,13.25,0.7539786604962078,9.990217251574753,Commercial_5,commercial,3,22.950000000000003
Z013,41,13.16,0.7636275731660149,10.049338862864756,Commercial_5,commercial,3,22.68
Z013,42,12.71,0.7464056509418237,9.486815823470579,Commercial_5,commercial,3,21.330000000000005
Z013,43,13.05,0.7412716810862277,9.673595438175271,Commercial_5,commercial,3,22.35
Z013,44,12,0.6811800100284139,8.174160120340966,Commercial_5,commercial,3,19.200000000000003
Z013,45,8.52,0.6980552712384852,5.947430910951893,Commercial_5,commercial,3,8.76
Z013,46,6.38,0.6961896451425248,4.4416899360093085,Commercial_5,commercial,3,2.3400000000000007
Z013,47,5.11,0.6903706859821049,3.5277942053685565,Commercial_5,commercial,3,0
Z014,0,3.28,0.8784550283604935,2.8813324930224185,Commercial_6,commercial,3,9.84
Z014,1,3.8,0.8751701314440199,3.3256464994872754,Commercial_6,commercial,3,11.399999999999999
Z014,2,4.38,0.8933954582466299,3.913072107120239,Commercial_6,commercial,3,13.14
Z014,3,5.34,0.8659060342508743,4.623938222899668,Commercial_6,commercial,3,16.02
Z014,4,6.29,0.7255405314947453,4.5636499431019475,Commercial_6,commercial,3,18.87
Z014,5,7.43,0.7147758152173914,5.310784307065218,Commercial_6,commercial,3,22.29
Z014,6,9.81,0.7010365724005955,6.877168775249842,Commercial_6,commercial,3,29.43
Z014,7,10.82,0.7061620912667902,7.64067382750667,Commercial_6,commercial,3,32.46
Z014,8,12.32,0.6555531640120534,8.076414980628499,Commercial_6,commercial,3,36.96
Z014,9,13.85,0.6528769424611509,9.04234565308694,Commercial_6,commercial,3,41.55
Z014,10,18.22,0.6486106052880765,11.817685228348752,Commercial_6,commercial,3,54.66
Z014,11,16.64,0.6590038036587574,10.965823292881725,Commercial_6,commercial,3,49.92
Z014,12,19.6,0,0,Commercial_6,commercial,3,58.800000000000004
Z014,13,19.82,0,0,Commercial_6,commercial,3,59.46
Z014,14,19.61,0,0,Commercial_6,commercial,3,58.83
Z014,15,18.2,0,0,Commercial_6,commercial,3,54.599999999999994
Z014,16,17.76,0.6208608925711899,11.026489452064334,Commercial_6,commercial,3,53.28
Z014,17,18.61,0.6231767281602182,11.59731891106166,Commercial_6,commercial,3,55.83
Z014,18,17.7,0.6193158919362001,10.96189128727074,Commercial_6,commercial,3,53.099999999999994
Z014,19,15.96,0.62406611878969,9.960095255883452,Commercial_6,commercial,3,47.88
Z014,20,16.26,0.7434156925256818,12.087939160467588,Commercial_6,commercial,3,48.78
Z014,21,11.49,0.7596420145655965,8.728286747358705,Commercial_6,commercial,3,34.47
Z014,22,10.06,0.7974670658682635,8.022518682634733,Commercial_6,commercial,3,30.18
Z014,23,6.78,0.7967130995676938,5.401714815068964,Commercial_6,commercial,3,20.34
Z014,24,3.5,0.7210853258321613,2.5237986404125645,Commercial_6,commercial,3,10.5
Z014,25,4.05,0.7281435720988426,2.9489814670003125,Commercial_6,commercial,3,12.149999999999999
Z014,26,4.81,0.7347820984273532,3.5343018934355688,Commercial_6,commercial,3,14.43
Z014,27,4.85,0.7290462316951621,3.535874223721536,Commercial_6,commercial,3,14.549999999999999
Z014,28,6.04,0.6440061604224291,3.889797208951472,Commercial_6,commercial,3,18.12
Z014,29,7.35,0.6543257639472947,4.809294365012616,Commercial_6,commercial,3,22.049999999999997
Z014,30,9.72,0.6582113381803892,6.397814207113384,Commercial_6,commercial,3,29.160000000000004
Z014,31,11.93,0.6508767881864328,7.764960083064143,Commercial_6,commercial,3,35.79
Z014,32,13.79,0,0,Commercial_6,commercial,3,41.37
Z014,33,15.08,0,0,Commercial_6,commercial,3,45.24
Z014,34,16.88,0,0,Commercial_6,commercial,3,50.64
Z014,35,19.9,0,0,Commercial_6,commercial,3,59.699999999999996
Z014,36,20.37,0.6341853790308967,12.918356170859365,Commercial_6,commercial,3,61.11
Z014,37,19.2,0.6271002024291499,12.040323886639678,Commercial_6,commercial,3,57.599999999999994
Z014,38,17.23,0.6259676864902028,10.785423238226196,Commercial_6,commercial,3,51.69
Z014,39,19.08,0.6200573892963869,11.830694987775061,Commercial_6,commercial,3,57.239999999999995
Z014,40,18.68,0.7539786604962078,14.084321378069161,Commercial_6,commercial,3,56.04
Z014,41,18.79,0.7636275731660149,14.34856209978942,Commercial_6,commercial,3,56.37
Z014,42,20.26,0.7464056509418237,15.122178488081348,Commercial_6,commercial,3,60.78
Z014,43,18.15,0.7412716810862277,13.454081011715031,Commercial_6,commercial,3,54.449999999999996
Z014,44,14.23,0.6811800100284139,9.69319154270433,Commercial_6,commercial,3,42.69
Z014,45,11.44,0.6980552712384852,7.985752302968271,Commercial_6,commercial,3,34.32
Z014,46,9.84,0.6961896451425248,6.850506108202444,Commercial_6,commercial,3,29.52
Z014,47,6.65,0.6903706859821049,4.590965061780998,Commercial_6,commercial,3,19.950000000000003
Z015,0,1.13,0.8784550283604935,0.9926541820473576,Residential_1,residential_idle,1,1.13
Z015,1,1.07,0.8751701314440199,0.9364320406451013,Residential_1,residential_idle,1,1.07
Z015,2,1.02,0.8933954582466299,0.9112633674115626,Residential_1,residential_idle,1,1.02
Z015,3,1.18,0.8659060342508743,1.0217691204160317,Residential_1,residential_idle,1,1.18
Z015,4,1.69,0.7255405314947453,1.2261634982261196,Residential_1,residential_idle,1,1.69
Z015,5,2.93,0.7147758152173914,2.094293138586957,Residential_1,residential_idle,1,2.93
Z015,6,5.07,0.7010365724005955,3.5542554220710194,Residential_1,residential_idle,1,5.07
Z015,7,7.73,0.7061620912667902,5.4586329654922885,Residential_1,residential_idle,1,7.73
Z015,8,7.65,0.6555531640120534,5.014981704692209,Residential_1,residential_idle,1,7.65
Z015,9,5.5,0.6528769424611509,3.59082318353633,Residential_1,residential_idle,1,5.5
Z015,10,3.05,0.6486106052880765,1.978262346128633,Residential_1,residential_idle,1,3.05
Z015,11,1.74,0.6590038036587574,1.146666618366238,Residential_1,residential_idle,1,1.74
Z015,12,1.18,0.6943208065994501,0.819298551787351,Residential_1,residential_idle,1,1.18
Z015,13,1.08,0.6936556765951287,0.7491481307227391,Residential_1,residential_idle,1,1.08
Z015,14,1.17,0.7119654885340195,0.8329996215848028,Residential_1,residential_idle,1,1.17
Z015,15,1.4,0.7130024107813303,0.9982033750938624,Residential_1,residential_idle,1,1.4
Z015,16,2,0,0,Residential_1,residential_idle,1,2
Z015,17,3.42,0,0,Residential_1,residential_idle,1,3.42
Z015,18,5.45,0,0,Residential_1,residential_idle,1,5.45
Z015,19,6.91,0,0,Residential_1,residential_idle,1,6.91
Z015,20,8.55,0.7434156925256818,6.35620417109458,Residential_1,residential_idle,1,8.55
Z015,21,7.27,0.7596420145655965,5.522597445891886,Residential_1,residential_idle,1,7.27
Z015,22,5.13,0.7974670658682635,4.091006047904192,Residential_1,residential_idle,1,5.13
Z015,23,3.52,0.7967130995676938,2.804430110478282,Residential_1,residential_idle,1,3.52
Z015,24,1.05,0.7210853258321613,0.7571395921237695,Residential_1,residential_idle,1,1.05
Z015,25,1.19,0.7281435720988426,0.8664908507976227,Residential_1,residential_idle,1,1.19
Z015,26,1.12,0.7347820984273532,0.8229559502386357,Residential_1,residential_idle,1,1.12
Z015,27,1.17,0.7290462316951621,0.8529840910833396,Residential_1,residential_idle,1,1.17
Z015,28,1.48,0.6440061604224291,0.953129117425195,Residential_1,residential_idle,1,1.48
Z015,29,2.8,0.6543257639472947,1.832112139052425,Residential_1,residential_idle,1,2.8
Z015,30,5.72,0.6582113381803892,3.7649688543918263,Residential_1,residential_idle,1,5.72
Z015,31,7.56,0.6508767881864328,4.920628518689432,Residential_1,residential_idle,1,7.56
Z015,32,8.24,0.6898721608539159,5.684546605436267,Residential_1,residential_idle,1,8.24
Z015,33,4.76,0.6883473389355742,3.276533333333333,Residential_1,residential_idle,1,4.76
Z015,34,2.91,0.6884305162102613,2.0033328021718604,Residential_1,residential_idle,1,2.91
Z015,35,1.63,0.689311064718163,1.1235770354906056,Residential_1,residential_idle,1,1.63
Z015,36,1.18,0,0,Residential_1,residential_idle,1,1.18
Z015,37,1.1,0,0,Residential_1,residential_idle,1,1.1
Z015,38,1.23,0,0,Residential_1,residential_idle,1,1.23
Z015,39,1.32,0,0,Residential_1,residential_idle,1,1.32
Z015,40,1.93,0.7539786604962078,1.455178814757681,Residential_1,residential_idle,1,1.93
Z015,41,3.44,0.7636275731660149,2.6268788516910915,Residential_1,residential_idle,1,3.44
Z015,42,5.83,0.7464056509418237,4.351544944990832,Residential_1,residential_idle,1,5.83
Z015,43,7.62,0.7412716810862277,5.648490209877055,Residential_1,residential_idle,1,7.62
Z015,44,8.18,0.6811800100284139,5.572052482032426,Residential_1,residential_idle,1,8.18
Z015,45,7.56,0.6980552712384852,5.277297850562948,Residential_1,residential_idle,1,7.56
Z015,46,5.59,0.6961896451425248,3.8917001163467133,Residential_1,residential_idle,1,5.59
Z015,47,3.16,0.6903706859821049,2.1815713677034516,Residential_1,residential_idle,1,3.16
Z016,0,0.9,0,0,Residential_2,residential_idle,1,0.9
Z016,1,1.01,0,0,Residential_2,residential_idle,1,1.01
Z016,2,0.99,0,0,Residential_2,residential_idle,1,0.99
Z016,3,1.12,0,0,Residential_2,residential_idle,1,1.12
Z016,4,1.44,0.7255405314947453,1.0447783653524332,Residential_2,residential_idle,1,1.44
Z016,5,2.73,0.7147758152173914,1.9513379755434785,Residential_2,residential_idle,1,2.73
Z016,6,5.59,0.7010365724005955,3.9187944397193286,Residential_2,residential_idle,1,5.59
Z016,7,7.94,0.7061620912667902,5.606927004658314,Residential_2,residential_idle,1,7.94
Z016,8,7.88,0.6555531640120534,5.165758932414981,Residential_2,residential_idle,1,7.88
Z016,9,5.99,0.6528769424611509,3.910732885342294,Residential_2,residential_idle,1,5.99
Z016,10,2.8,0.6486106052880765,1.816109694806614,Residential_2,residential_idle,1,2.8
Z016,11,1.52,0.6590038036587574,1.0016857815613114,Residential_2,residential_idle,1,1.52
Z016,12,1.25,0.6943208065994501,0.8679010082493126,Residential_2,residential_idle,1,1.25
Z016,13,1.03,0.6936556765951287,0.7144653468929826,Residential_2,residential_idle,1,1.03
Z016,14,1.05,0.7119654885340195,0.7475637629607206,Residential_2,residential_idle,1,1.05
Z016,15,1.51,0.7130024107813303,1.0766336402798087,Residential_2,residential_idle,1,1.51
Z016,16,2.1,0.6208608925711899,1.303807874399499,Residential_2,residential_idle,1,2.1
Z016,17,3.54,0.6231767281602182,2.2060456176871726,Residential_2,residential_idle,1,3.54
Z016,18,5.66,0.6193158919362001,3.5053279483588926,Residential_2,residential_idle,1,5.66
Z016,19,7.84,0.62406611878969,4.8926783713111694,Residential_2,residential_idle,1,7.84
Z016,20,8.06,0,0,Residential_2,residential_idle,1,8.06
Z016,21,7.41,0,0,Residential_2,residential_idle,1,7.41
Z016,22,5.09,0,0,Residential_2,residential_idle,1,5.09
Z016,23,3.45,0,0,Residential_2,residential_idle,1,3.45
Z016,24,1.1,0.7210853258321613,0.7931938584153775,Residential_2,residential_idle,1,1.1
Z016,25,1.05,0.7281435720988426,0.7645507507037848,Residential_2,residential_idle,1,1.05
Z016,26,1.13,0.7347820984273532,0.830303771222909,Residential_2,residential_idle,1,1.13
Z016,27,1.37,0.7290462316951621,0.9987933374223722,Residential_2,residential_idle,1,1.37
Z016,28,1.45,0.6440061604224291,0.9338089326125222,Residential_2,residential_idle,1,1.45
Z016,29,3.02,0.6543257639472947,1.97606380712083,Residential_2,residential_idle,1,3.02
Z016,30,5.77,0.6582113381803892,3.7978794213008458,Residential_2,residential_idle,1,5.77
Z016,31,8.41,0.6508767881864328,5.4738737886479,Residential_2,residential_idle,1,8.41
Z016,32,7.53,0.6898721608539159,5.194737371229987,Residential_2,residential_idle,1,7.53
Z016,33,5.85,0.6883473389355742,4.026831932773109,Residential_2,residential_idle,1,5.85
Z016,34,3,0.6884305162102613,2.0652915486307837,Residential_2,residential_idle,1,3
Z016,35,1.55,0.689311064718163,1.0684321503131526,Residential_2,residential_idle,1,1.55
Z016,36,1.14,0.6341853790308967,0.7229713320952221,Residential_2,residential_idle,1,1.14
Z016,37,1.12,0.6271002024291499,0.7023522267206479,Residential_2,residential_idle,1,1.12
Z016,38,1.23,0.6259676864902028,0.7699402543829494,Residential_2,residential_idle,1,1.23
Z016,39,1.48,0.6200573892963869,0.9176849361586525,Residential_2,residential_idle,1,1.48
Z016,40,2.34,0,0,Residential_2,residential_idle,1,2.34
Z016,41,3.36,0,0,Residential_2,residential_idle,1,3.36
Z016,42,5.67,0,0,Residential_2,residential_idle,1,5.67
Z016,43,7.28,0,0,Residential_2,residential_idle,1,7.28
Z016,44,8.7,0.6811800100284139,5.926266087247201,Residential_2,residential_idle,1,8.7
Z016,45,7.53,0.6980552712384852,5.256356192425794,Residential_2,residential_idle,1,7.53
Z016,46,5.28,0.6961896451425248,3.675881326352531,Residential_2,residential_idle,1,5.28
Z016,47,3.16,0.6903706859821049,2.1815713677034516,Residential_2,residential_idle,1,3.16
Z017,0,0.79,0.8784550283604935,0.6939794724047899,Residential_3,residential_idle,1,0.79
Z017,1,0.84,0.8751701314440199,0.7351429104129766,Residential_3,residential_idle,1,0.84
Z017,2,0.91,0.8933954582466299,0.8129898670044332,Residential_3,residential_idle,1,0.91
Z017,3,0.93,0.8659060342508743,0.8052926118533131,Residential_3,residential_idle,1,0.93
Z017,4,1.1,0,0,Residential_3,residential_idle,1,1.1
Z017,5,2.13,0,0,Residential_3,residential_idle,1,2.13
Z017,6,4.17,0,0,Residential_3,residential_idle,1,4.17
Z017,7,5.98,0,0,Residential_3,residential_idle,1,5.98
Z017,8,6.05,0.6555531640120534,3.966096642272923,Residential_3,residential_idle,1,6.05
Z017,9,4.35,0.6528769424611509,2.840014699706006,Residential_3,residential_idle,1,4.35
Z017,10,2.22,0.6486106052880765,1.43991554373953,Residential_3,residential_idle,1,2.22
Z017,11,1.13,0.6590038036587574,0.7446742981343958,Residential_3,residential_idle,1,1.13
Z017,12,0.78,0.6943208065994501,0.541570229147571,Residential_3,residential_idle,1,0.78
Z017,13,0.82,0.6936556765951287,0.5687976548080055,Residential_3,residential_idle,1,0.82
Z017,14,0.79,0.7119654885340195,0.5624527359418755,Residential_3,residential_idle,1,0.79
Z017,15,1.05,0.7130024107813303,0.7486525313203969,Residential_3,residential_idle,1,1.05
Z017,16,1.59,0.6208608925711899,0.987168819188192,Residential_3,residential_idle,1,1.59
Z017,17,2.39,0.6231767281602182,1.4893923803029216,Residential_3,residential_idle,1,2.39
Z017,18,4.1,0.6193158919362001,2.53919515693842,Residential_3,residential_idle,1,4.1
Z017,19,5.52,0.62406611878969,3.4448449757190884,Residential_3,residential_idle,1,5.52
Z017,20,6.99,0.7434156925256818,5.196475690754516,Residential_3,residential_idle,1,6.99
Z017,21,5.78,0.7596420145655965,4.390730844189148,Residential_3,residential_idle,1,5.78
Z017,22,3.66,0.7974670658682635,2.9187294610778447,Residential_3,residential_idle,1,3.66
Z017,23,2.65,0.7967130995676938,2.1112897138543882,Residential_3,residential_idle,1,2.65
Z017,24,0.84,0,0,Residential_3,residential_idle,1,0.84
Z017,25,0.81,0,0,Residential_3,residential_idle,1,0.81
Z017,26,0.8,0,0,Residential_3,residential_idle,1,0.8
Z017,27,0.91,0,0,Residential_3,residential_idle,1,0.91
Z017,28,1.22,0.6440061604224291,0.7856875157153634,Residential_3,residential_idle,1,1.22
Z017,29,2.23,0.6543257639472947,1.4591464536024672,Residential_3,residential_idle,1,2.23
Z017,30,3.87,0.6582113381803892,2.5472778787581065,Residential_3,residential_idle,1,3.87
Z017,31,5.86,0.6508767881864328,3.8141379787724965,Residential_3,residential_idle,1,5.86
Z017,32,5.39,0.6898721608539159,3.7184109470026065,Residential_3,residential_idle,1,5.39
Z017,33,3.74,0.6883473389355742,2.5744190476190476,Residential_3,residential_idle,1,3.74
Z017,34,2.1,0.6884305162102613,1.4457040840415487,Residential_3,residential_idle,1,2.1
Z017,35,1.1,0.689311064718163,0.7582421711899793,Residential_3,residential_idle,1,1.1
Z017,36,0.85,0.6341853790308967,0.5390575721762622,Residential_3,residential_idle,1,0.85
Z017,37,0.96,0.6271002024291499,0.6020161943319838,Residential_3,residential_idle,1,0.96
Z017,38,0.9,0.6259676864902028,0.5633709178411825,Residential_3,residential_idle,1,0.9
Z017,39,1,0.6200573892963869,0.6200573892963869,Residential_3,residential_idle,1,1
Z017,40,1.35,0.7539786604962078,1.0178711916698806,Residential_3,residential_idle,1,1.35
Z017,41,2.44,0.7636275731660149,1.8632512785250763,Residential_3,residential_idle,1,2.44
Z017,42,3.74,0.7464056509418237,2.791557134522421,Residential_3,residential_idle,1,3.74
Z017,43,4.85,0.7412716810862277,3.595167653268204,Residential_3,residential_idle,1,4.85
Z017,44,6.5,0,0,Residential_3,residential_idle,1,6.5
Z017,45,5.43,0,0,Residential_3,residential_idle,1,5.43
Z017,46,4.2,0,0,Residential_3,residential_idle,1,4.2
Z017,47,3.05,0,0,Residential_3,residential_idle,1,3.05
Z018,0,1.2,0.8784550283604935,1.054146034032592,Residential_4,residential_idle,1,1.2
Z018,1,1.19,0.8751701314440199,1.0414524564183836,Residential_4,residential_idle,1,1.19
Z018,2,1.22,0.8933954582466299,1.0899424590608884,Residential_4,residential_idle,1,1.22
Z018,3,1.25,0.8659060342508743,1.082382542813593,Residential_4,residential_idle,1,1.25
Z018,4,1.62,0.7255405314947453,1.1753756610214874,Residential_4,residential_idle,1,1.62
Z018,5,3.11,0.7147758152173914,2.222952785326087,Residential_4,residential_idle,1,3.11
Z018,6,6.38,0.7010365724005955,4.472613331915799,Residential_4,residential_idle,1,6.38
Z018,7,8.5,0.7061620912667902,6.002377775767717,Residential_4,residential_idle,1,8.5
Z018,8,7.93,0,0,Residential_4,residential_idle,1,7.93
Z018,9,5.52,0,0,Residential_4,residential_idle,1,5.52
Z018,10,2.95,0,0,Residential_4,residential_idle,1,2.95
Z018,11,1.7,0,0,Residential_4,residential_idle,1,1.7
Z018,12,1.31,0.6943208065994501,0.9095602566452796,Residential_4,residential_idle,1,1.31
Z018,13,1.25,0.6936556765951287,0.867069595743911,Residential_4,residential_idle,1,1.25
Z018,14,1.36,0.7119654885340195,0.9682730644062666,Residential_4,residential_idle,1,1.36
Z018,15,1.51,0.7130024107813303,1.0766336402798087,Residential_4,residential_idle,1,1.51
Z018,16,2.37,0.6208608925711899,1.47144031539372,Residential_4,residential_idle,1,2.37
Z018,17,3.82,0.6231767281602182,2.3805351015720335,Residential_4,residential_idle,1,3.82
Z018,18,6.23,0.6193158919362001,3.858338006762527,Residential_4,residential_idle,1,6.23
Z018,19,7.26,0.62406611878969,4.530720022413149,Residential_4,residential_idle,1,7.26
Z018,20,9.78,0.7434156925256818,7.270605472901168,Residential_4,residential_idle,1,9.78
Z018,21,7.41,0.7596420145655965,5.628947327931071,Residential_4,residential_idle,1,7.41
Z018,22,5.58,0.7974670658682635,4.449866227544911,Residential_4,residential_idle,1,5.58
Z018,23,3.94,0.7967130995676938,3.1390496122967133,Residential_4,residential_idle,1,3.94
Z018,24,1.16,0.7210853258321613,0.8364589779653071,Residential_4,residential_idle,1,1.16
Z018,25,1.32,0.7281435720988426,0.9611495151704723,Residential_4,residential_idle,1,1.32
Z018,26,1.21,0.7347820984273532,0.8890863390970973,Residential_4,residential_idle,1,1.21
Z018,27,1.2,0.7290462316951621,0.8748554780341945,Residential_4,residential_idle,1,1.2
Z018,28,1.73,0,0,Residential_4,residential_idle,1,1.73
Z018,29,3.09,0,0,Residential_4,residential_idle,1,3.09
Z018,30,6.56,0,0,Residential_4,residential_idle,1,6.56
Z018,31,9.55,0,0,Residential_4,residential_idle,1,9.55
Z018,32,9.08,0.6898721608539159,6.264039220553556,Residential_4,residential_idle,1,9.08
Z018,33,5.86,0.6883473389355742,4.033715406162465,Residential_4,residential_idle,1,5.86
Z018,34,3.19,0.6884305162102613,2.1960933467107333,Residential_4,residential_idle,1,3.19
Z018,35,1.82,0.689311064718163,1.2545461377870566,Residential_4,residential_idle,1,1.82
Z018,36,1.22,0.6341853790308967,0.773706162417694,Residential_4,residential_idle,1,1.22
Z018,37,1.16,0.6271002024291499,0.7274362348178138,Residential_4,residential_idle,1,1.16
Z018,38,1.34,0.6259676864902028,0.8387966998968719,Residential_4,residential_idle,1,1.34
Z018,39,1.61,0.6200573892963869,0.998292396767183,Residential_4,residential_idle,1,1.61
Z018,40,2.23,0.7539786604962078,1.6813724129065433,Residential_4,residential_idle,1,2.23
Z018,41,3.71,0.7636275731660149,2.8330582964459152,Residential_4,residential_idle,1,3.71
Z018,42,5.3,0.7464056509418237,3.9559499499916653,Residential_4,residential_idle,1,5.3
Z018,43,8.78,0.7412716810862277,6.508365359937078,Residential_4,residential_idle,1,8.78
Z018,44,9.07,0.6811800100284139,6.178302690957715,Residential_4,residential_idle,1,9.07
Z018,45,7.5,0.6980552712384852,5.235414534288639,Residential_4,residential_idle,1,7.5
Z018,46,5.6,0.6961896451425248,3.8986620127981384,Residential_4,residential_idle,1,5.6
Z018,47,3.57,0.6903706859821049,2.4646233489561147,Residential_4,residential_idle,1,3.57
Z019,0,1.23,0.8784550283604935,1.080499684883407,Residential_5,residential_idle,1,1.23
Z019,1,1.16,0.8751701314440199,1.015197352475063,Residential_5,residential_idle,1,1.16
Z019,2,1.03,0.8933954582466299,0.9201973219940288,Residential_5,residential_idle,1,1.03
Z019,3,1.33,0.8659060342508743,1.1516550255536628,Residential_5,residential_idle,1,1.33
Z019,4,1.73,0.7255405314947453,1.2551851194859094,Residential_5,residential_idle,1,1.73
Z019,5,2.78,0.7147758152173914,1.987076766304348,Residential_5,residential_idle,1,2.78
Z019,6,4.72,0.7010365724005955,3.3088926217308106,Residential_5,residential_idle,1,4.72
Z019,7,8.61,0.7061620912667902,6.080055605807063,Residential_5,residential_idle,1,8.61
Z019,8,7.85,0.6555531640120534,5.146092337494619,Residential_5,residential_idle,1,7.85
Z019,9,5.57,0.6528769424611509,3.6365245695086106,Residential_5,residential_idle,1,5.57
Z019,10,2.87,0.6486106052880765,1.8615124371767795,Residential_5,residential_idle,1,2.87
Z019,11,1.72,0.6590038036587574,1.1334865422930627,Residential_5,residential_idle,1,1.72
Z019,12,1.31,0,0,Residential_5,residential_idle,1,1.31
Z019,13,1.19,0,0,Residential_5,residential_idle,1,1.19
Z019,14,1.19,0,0,Residential_5,residential_idle,1,1.19
Z019,15,1.46,0,0,Residential_5,residential_idle,1,1.46
Z019,16,2.2,0.6208608925711899,1.3658939636566179,Residential_5,residential_idle,1,2.2
Z019,17,3.19,0.6231767281602182,1.987933762831096,Residential_5,residential_idle,1,3.19
Z019,18,6.04,0.6193158919362001,3.7406679872946484,Residential_5,residential_idle,1,6.04
Z019,19,7.52,0.62406611878969,4.692977213298469,Residential_5,residential_idle,1,7.52
Z019,20,8.68,0.7434156925256818,6.452848211122919,Residential_5,residential_idle,1,8.68
Z019,21,7.73,0.7596420145655965,5.872032772592061,Residential_5,residential_idle,1,7.73
Z019,22,5.93,0.7974670658682635,4.728979700598803,Residential_5,residential_idle,1,5.93
Z019,23,3.75,0.7967130995676938,2.9876741233788517,Residential_5,residential_idle,1,3.75
Z019,24,1.26,0.7210853258321613,0.9085675105485232,Residential_5,residential_idle,1,1.26
Z019,25,1.09,0.7281435720988426,0.7936764935877385,Residential_5,residential_idle,1,1.09
Z019,26,1.06,0.7347820984273532,0.7788690243329944,Residential_5,residential_idle,1,1.06
Z019,27,1.21,0.7290462316951621,0.8821459403511461,Residential_5,residential_idle,1,1.21
Z019,28,1.54,0.6440061604224291,0.9917694870505408,Residential_5,residential_idle,1,1.54
Z019,29,3.12,0.6543257639472947,2.0414963835155593,Residential_5,residential_idle,1,3.12
Z019,30,5.35,0.6582113381803892,3.521430659265082,Residential_5,residential_idle,1,5.35
Z019,31,8.22,0.6508767881864328,5.350207198892478,Residential_5,residential_idle,1,8.22
Z019,32,8.61,0,0,Residential_5,residential_idle,1,8.61
Z019,33,5.97,0,0,Residential_5,residential_idle,1,5.97
Z019,34,3.01,0,0,Residential_5,residential_idle,1,3.01
Z019,35,1.74,0,0,Residential_5,residential_idle,1,1.74
Z019,36,1.29,0.6341853790308967,0.8180991389498568,Residential_5,residential_idle,1,1.29
Z019,37,1.02,0.6271002024291499,0.6396422064777328,Residential_5,residential_idle,1,1.02
Z019,38,1.23,0.6259676864902028,0.7699402543829494,Residential_5,residential_idle,1,1.23
Z019,39,1.46,0.6200573892963869,0.9052837883727248,Residential_5,residential_idle,1,1.46
Z019,40,2.09,0.7539786604962078,1.5758154004370741,Residential_5,residential_idle,1,2.09
Z019,41,3.4,0.7636275731660149,2.596333748764451,Residential_5,residential_idle,1,3.4
Z019,42,5.65,0.7464056509418237,4.217191927821304,Residential_5,residential_idle,1,5.65
Z019,43,7.86,0.7412716810862277,5.82639541333775,Residential_5,residential_idle,1,7.86
Z019,44,8.7,0.6811800100284139,5.926266087247201,Residential_5,residential_idle,1,8.7
Z019,45,8.31,0.6980552712384852,5.800839303991812,Residential_5,residential_idle,1,8.31
Z019,46,5.97,0.6961896451425248,4.156252181500873,Residential_5,residential_idle,1,5.97
Z019,47,3.41,0.6903706859821049,2.3541640391989778,Residential_5,residential_idle,1,3.41
Z020,0,0.69,0.8784550283604935,0.6061339695687404,Residential_6,residential_idle,1,0.69
Z020,1,0.76,0.8751701314440199,0.6651292998974552,Residential_6,residential_idle,1,0.76
Z020,2,0.7,0.8933954582466299,0.6253768207726409,Residential_6,residential_idle,1,0.7
Z020,3,0.79,0.8659060342508743,0.6840657670581908,Residential_6,residential_idle,1,0.79
Z020,4,1.07,0.7255405314947453,0.7763283686993775,Residential_6,residential_idle,1,1.07
Z020,5,2.05,0.7147758152173914,1.4652904211956523,Residential_6,residential_idle,1,2.05
Z020,6,3.78,0.7010365724005955,2.6499182436742506,Residential_6,residential_idle,1,3.78
Z020,7,5.76,0.7061620912667902,4.067493645696711,Residential_6,residential_idle,1,5.76
Z020,8,5.16,0.6555531640120534,3.382654326302196,Residential_6,residential_idle,1,5.16
Z020,9,3.81,0.6528769424611509,2.487461150776985,Residential_6,residential_idle,1,3.81
Z020,10,1.86,0.6486106052880765,1.2064157258358224,Residential_6,residential_idle,1,1.86
Z020,11,1.06,0.6590038036587574,0.698544031878283,Residential_6,residential_idle,1,1.06
Z020,12,0.79,0.6943208065994501,0.5485134372135656,Residential_6,residential_idle,1,0.79
Z020,13,0.7,0.6936556765951287,0.48555897361659006,Residential_6,residential_idle,1,0.7
Z020,14,0.66,0.7119654885340195,0.4698972224324529,Residential_6,residential_idle,1,0.66
Z020,15,0.99,0.7130024107813303,0.705872386673517,Residential_6,residential_idle,1,0.99
Z020,16,1.41,0,0,Residential_6,residential_idle,1,1.41
Z020,17,2.32,0,0,Residential_6,residential_idle,1,2.32
Z020,18,3.51,0,0,Residential_6,residential_idle,1,3.51
Z020,19,4.9,0,0,Residential_6,residential_idle,1,4.9
Z020,20,5.72,0.7434156925256818,4.2523377612469,Residential_6,residential_idle,1,5.72
Z020,21,5.01,0.7596420145655965,3.8058064929736384,Residential_6,residential_idle,1,5.01
Z020,22,3.92,0.7974670658682635,3.126070898203593,Residential_6,residential_idle,1,3.92
Z020,23,2.31,0.7967130995676938,1.8404072600013726,Residential_6,residential_idle,1,2.31
Z020,24,0.69,0.7210853258321613,0.4975488748241913,Residential_6,residential_idle,1,0.69
Z020,25,0.75,0.7281435720988426,0.5461076790741319,Residential_6,residential_idle,1,0.75
Z020,26,0.7,0.7347820984273532,0.5143474688991472,Residential_6,residential_idle,1,0.7
Z020,27,0.79,0.7290462316951621,0.5759465230391781,Residential_6,residential_idle,1,0.79
Z020,28,0.93,0.6440061604224291,0.5989257291928591,Residential_6,residential_idle,1,0.93
Z020,29,1.89,0.6543257639472947,1.236675693860387,Residential_6,residential_idle,1,1.89
Z020,30,3.78,0.6582113381803892,2.4880388583218713,Residential_6,residential_idle,1,3.78
Z020,31,5.1,0.6508767881864328,3.319471619750807,Residential_6,residential_idle,1,5.1
Z020,32,5.3,0.6898721608539159,3.656322452525754,Residential_6,residential_idle,1,5.3
Z020,33,3.79,0.6883473389355742,2.6088364145658263,Residential_6,residential_idle,1,3.79
Z020,34,1.94,0.6884305162102613,1.3355552014479068,Residential_6,residential_idle,1,1.94
Z020,35,1.16,0.689311064718163,0.799600835073069,Residential_6,residential_idle,1,1.16
Z020,36,0.77,0,0,Residential_6,residential_idle,1,0.77
Z020,37,0.73,0,0,Residential_6,residential_idle,1,0.73
Z020,38,0.77,0,0,Residential_6,residential_idle,1,0.77
Z020,39,0.83,0,0,Residential_6,residential_idle,1,0.83
Z020,40,1.25,0.7539786604962078,0.9424733256202598,Residential_6,residential_idle,1,1.25
Z020,41,2.37,0.7636275731660149,1.8097973484034555,Residential_6,residential_idle,1,2.37
Z020,42,3.59,0.7464056509418237,2.679596286881147,Residential_6,residential_idle,1,3.59
Z020,43,5.41,0.7412716810862277,4.010279794676491,Residential_6,residential_idle,1,5.41
Z020,44,5.54,0.6811800100284139,3.773737255557413,Residential_6,residential_idle,1,5.54
Z020,45,4.94,0.6980552712384852,3.448393039918117,Residential_6,residential_idle,1,4.94
Z020,46,3.89,0.6961896451425248,2.7081777196044214,Residential_6,residential_idle,1,3.89
Z020,47,2.33,0.6903706859821049,1.6085636983383045,Residential_6,residential_idle,1,2.33
